Product Name,Description,Price,Currency,Reference_number,URL
Montre Panthère De Cartier PM,"Petit modèle, quartz, or jaune, diamants""}",30800.0,EUR,CRWJPN0057,https://www.cartier.com/fr-fr/montre-panthere-de-cartier-pm_cod1647597342064207.html#dept=EU_Panthere-de-Cartier-Watches
Montre Panthère De Cartier PM,"Petit modèle, quartz, or rose, diamants""}",30800.0,EUR,CRWJPN0058,https://www.cartier.com/fr-fr/montre-panthere-de-cartier-pm_cod1647597342064210.html#dept=EU_Panthere-de-Cartier-Watches
Montre Panthère De Cartier PM,"Petit modèle, mouvement quartz, or jaune, diamants""}",30000.0,EUR,CRWJPN0053,https://www.cartier.com/fr-fr/montre-panthere-de-cartier-pm_cod1647597335738336.html#dept=EU_Panthere-de-Cartier-Watches
Montre Panthère de Cartier,"Mini modèle, mouvement quartz, or gris""}",35400.0,EUR,CRWJPN0046,https://www.cartier.com/fr-fr/montre-panthere-de-cartier_cod1647597306259407.html#dept=EU_Panthere-de-Cartier-Watches
Montre Panthère De Cartier PM,"Petit modèle, mouvement quartz, or jaune""}",25200.0,EUR,CRWGPN0031,https://www.cartier.com/fr-fr/montre-panthere-de-cartier-pm_cod1647597277638149.html#dept=EU_Panthere-de-Cartier-Watches
Montre Panthère de Cartier,"Mini modèle, mouvement quartz, acier""}",4000.0,EUR,CRWSPN0012,https://www.cartier.com/fr-fr/montre-panthere-de-cartier_cod1647597338026628.html#dept=EU_Panthere-de-Cartier-Watches
Montre Panthère De Cartier PM,"Petit modèle, mouvement quartz, acier""}",4700.0,EUR,CRWSPN0013,https://www.cartier.com/fr-fr/montre-panthere-de-cartier-pm_cod1647597338026629.html#dept=EU_Panthere-de-Cartier-Watches
Montre Panthère de Cartier,"Moyen modèle, mouvement quartz, acier""}",5600.0,EUR,CRWSPN0015,https://www.cartier.com/fr-fr/montre-panthere-de-cartier_cod1647597348582079.html#dept=EU_Panthere-de-Cartier-Watches
Montre Panthère de Cartier,"Grand modèle, quartz, acier""}",6150.0,EUR,CRWSPN0016,https://www.cartier.com/fr-fr/montre-panthere-de-cartier_cod1647597348582082.html#dept=EU_Panthere-de-Cartier-Watches
Montre Panthère De Cartier PM,"Petit modèle, mouvement quartz, or jaune, acier""}",9000.0,EUR,CRW2PN0013,https://www.cartier.com/fr-fr/montre-panthere-de-cartier-pm_cod1647597329508329.html#dept=EU_Panthere-de-Cartier-Watches
Montre Panthère de Cartier,"Moyen modèle, mouvement quartz, or jaune, acier""}",10200.0,EUR,CRW2PN0014,https://www.cartier.com/fr-fr/montre-panthere-de-cartier_cod1647597348576450.html#dept=EU_Panthere-de-Cartier-Watches
Montre Panthère de Cartier,"Moyen modèle, mouvement quartz, acier, diamants""}",10500.0,EUR,CRW4PN0018,https://www.cartier.com/fr-fr/montre-panthere-de-cartier_cod1647597348576466.html#dept=EU_Panthere-de-Cartier-Watches
Montre Panthère de Cartier,"Grand modèle, quartz, or jaune, acier""}",11100.0,EUR,CRW2PN0016,https://www.cartier.com/fr-fr/montre-panthere-de-cartier_cod1647597349846716.html#dept=EU_Panthere-de-Cartier-Watches
Montre Panthère De Cartier PM,"Petit modèle, mouvement quartz, or rose, acier, diamants""}",13600.0,EUR,CRW3PN0009,https://www.cartier.com/fr-fr/montre-panthere-de-cartier-pm_cod1647597329508332.html#dept=EU_Panthere-de-Cartier-Watches
Montre Panthère de Cartier,"Moyen modèle, mouvement quartz, or rose, acier, diamants""}",15200.0,EUR,CRW3PN0010,https://www.cartier.com/fr-fr/montre-panthere-de-cartier_cod1647597348576465.html#dept=EU_Panthere-de-Cartier-Watches
Montre Panthère de Cartier,"Mini modèle, mouvement quartz, or jaune""}",22700.0,EUR,CRWGPN0048,https://www.cartier.com/fr-fr/montre-panthere-de-cartier_cod1647597349846857.html#dept=EU_Panthere-de-Cartier-Watches
Montre Panthère De Cartier PM,"Petit modèle, mouvement quartz, or rose""}",25000.0,EUR,CRWGPN0049,https://www.cartier.com/fr-fr/montre-panthere-de-cartier-pm_cod1647597348583066.html#dept=EU_Panthere-de-Cartier-Watches
Montre Panthère De Cartier PM,"Petit modèle, mouvement quartz, or jaune""}",25000.0,EUR,CRWGPN0047,https://www.cartier.com/fr-fr/montre-panthere-de-cartier-pm_cod1647597348583063.html#dept=EU_Panthere-de-Cartier-Watches
Montre Panthère de Cartier,"Moyen modèle, mouvement quartz, or jaune""}",28700.0,EUR,CRWGPN0045,https://www.cartier.com/fr-fr/montre-panthere-de-cartier_cod1647597348583057.html#dept=EU_Panthere-de-Cartier-Watches
Montre Panthère De Cartier PM,"Petit modèle, mouvement quartz, or jaune, diamants""}",29800.0,EUR,CRWJPN0067,https://www.cartier.com/fr-fr/montre-panthere-de-cartier-pm_cod1647597348582061.html#dept=EU_Panthere-de-Cartier-Watches
Montre Panthère De Cartier PM,"Petit modèle, quartz, or jaune, diamants""}",31200.0,EUR,CRWJPN0080,https://www.cartier.com/fr-fr/montre-panthere-de-cartier-pm_cod1647597349846887.html#dept=EU_Panthere-de-Cartier-Watches
Montre Panthère de Cartier,"Moyen modèle, mouvement quartz, or rose, diamants""}",34800.0,EUR,CRWJPN0072,https://www.cartier.com/fr-fr/montre-panthere-de-cartier_cod1647597349846882.html#dept=EU_Panthere-de-Cartier-Watches
Montre Panthère de Cartier,"Moyen modèle, mouvement quartz, or jaune, diamants""}",34800.0,EUR,CRWJPN0066,https://www.cartier.com/fr-fr/montre-panthere-de-cartier_cod1647597348584330.html#dept=EU_Panthere-de-Cartier-Watches
Montre Panthère de Cartier,"Moyen modèle, mouvement quartz, or gris, diamants""}",144000.0,EUR,CRHPI01722,https://www.cartier.com/fr-fr/montre-panthere-de-cartier_cod46376663162847523.html#dept=EU_Panthere-de-Cartier-Watches
Montre Tank Louis Cartier,"Grand modèle, mouvement mécanique manuel, or rose, cuir""}",14100.0,EUR,CRWGTA0011,https://www.cartier.com/fr-fr/montre-tank-louis-cartier_cod44733502651447132.html#dept=EU_Tank
Montre Tank Louis Cartier,"Mini modèle, mouvement quartz, or jaune, cuir""}",7600.0,EUR,CRWGTA0352,https://www.cartier.com/fr-fr/montre-tank-louis-cartier_cod1647597348583084.html#dept=EU_Tank
Montre Tank Américaine,"Petit modèle, mouvement quartz, or jaune, cuir""}",12500.0,EUR,CRWGTA0299,https://www.cartier.com/fr-fr/montre-tank-americaine_cod1647597341907069.html#dept=EU_Tank
Montre Tank Américaine,"Modèle mini, mouvement quartz, or rose, cuir""}",8350.0,EUR,CRWGTA0341,https://www.cartier.com/fr-fr/montre-tank-americaine_cod1647597349846864.html#dept=EU_Tank
Montre Tank Américaine,"Grand modèle, mouvement automatique, or jaune, cuir""}",18200.0,EUR,CRWGTA0300,https://www.cartier.com/fr-fr/montre-tank-americaine_cod1647597342064198.html#dept=EU_Tank
Montre Tank Must SolarBeat™,"Grand modèle, mouvement photovoltaïque SolarBeat™, acier, bracelet en acier""}",4150.0,EUR,CRWSTA0092,https://www.cartier.com/fr-fr/montre-tank-must-solarbeat_cod1647597358032901.html#dept=EU_Tank
Montre Tank Must SolarBeat™,"Grand modèle, mouvement photovoltaïque SolarBeat™, acier, bracelet veau""}",3750.0,EUR,CRWSTA0090,https://www.cartier.com/fr-fr/montre-tank-must-solarbeat_cod1647597358032895.html#dept=EU_Tank
Montre Tank Must de Cartier,"Grand modèle, mouvement quartz high autonomy, acier, diamants, cuir""}",7400.0,EUR,CRW4TA0017,https://www.cartier.com/fr-fr/montre-tank-must-de-cartier_cod1647597338824206.html#dept=EU_Tank
Montre Tank Louis Cartier,"Petit modèle, mouvement mécanique manuel, or rose, cuir""}",12600.0,EUR,CRWGTA0010,https://www.cartier.com/fr-fr/montre-tank-louis-cartier_cod44733502651447130.html#dept=EU_Tank
Montre Tank Américaine,"Petit modèle, mouvement quartz, acier, cuir""}",4350.0,EUR,CRWSTA0082,https://www.cartier.com/fr-fr/montre-tank-americaine_cod1647597335738339.html#dept=EU_Tank
Montre Tank Must SolarBeat™,"Petit modèle, mouvement photovoltaïque SolarBeat™, acier, bracelet veau""}",3550.0,EUR,CRWSTA0089,https://www.cartier.com/fr-fr/montre-tank-must-solarbeat_cod1647597358032892.html#dept=EU_Tank
Montre Tank Louis Cartier,"Grand modèle, mouvement mécanique manuel, or jaune, cuir""}",14100.0,EUR,CRWGTA0091,https://www.cartier.com/fr-fr/montre-tank-louis-cartier_cod1647597294937562.html#dept=EU_Tank
Montre Tank Louis Cartier,"Grand modèle, mouvement mécanique manuel, or jaune, cuir""}",14100.0,EUR,CRWGTA0191,https://www.cartier.com/fr-fr/montre-tank-louis-cartier_cod1647597329066513.html#dept=EU_Tank
Montre Tank Française,"Grand modèle, mouvement mécanique automatique, acier""}",6200.0,EUR,CRWSTA0067,https://www.cartier.com/fr-fr/montre-tank-francaise_cod1647597304509602.html#dept=EU_Tank
Montre Tank Française,"Moyen modèle, mouvement quartz, acier""}",5050.0,EUR,CRWSTA0074,https://www.cartier.com/fr-fr/montre-tank-francaise_cod1647597304509605.html#dept=EU_Tank
Montre Tank Américaine,"Grand modèle, mouvement mécanique automatique, acier, cuir""}",6750.0,EUR,CRWSTA0083,https://www.cartier.com/fr-fr/montre-tank-americaine_cod1647597335646743.html#dept=EU_Tank
Montre Tank Américaine,"Grand modèle, mouvement mécanique automatique, or rose, cuir""}",18200.0,EUR,CRWGTA0134,https://www.cartier.com/fr-fr/montre-tank-americaine_cod1647597331042793.html#dept=EU_Tank
Montre Tank Must,"Grand modèle, mouvement quartz, acier, cuir""}",3900.0,EUR,CRWSTA0054,https://www.cartier.com/fr-fr/montre-tank-must_cod20346390235399922.html#dept=EU_Tank
Montre Tank Louis Cartier,"Grand modèle, mouvement mécanique manuel, or jaune, cuir""}",14100.0,EUR,CRWGTA0190,https://www.cartier.com/fr-fr/montre-tank-louis-cartier_cod1647597329066510.html#dept=EU_Tank
Montre Tank Must,"Modèle extra-large, mouvement automatique, acier, cuir""}",5400.0,EUR,CRWSTA0040,https://www.cartier.com/fr-fr/montre-tank-must_cod1647597338824292.html#dept=EU_Tank
Montre Tank Must,"Modèle extra-large, mouvement automatique, acier""}",5800.0,EUR,CRWSTA0053,https://www.cartier.com/fr-fr/montre-tank-must_cod1647597338824301.html#dept=EU_Tank
Montre Tank Française,"Moyen modèle, mouvement quartz, acier, diamants""}",10600.0,EUR,CRW4TA0021,https://www.cartier.com/fr-fr/montre-tank-francaise_cod1647597329066501.html#dept=EU_Tank
Montre Tank Louis Cartier,"Petit modèle, mouvement mécanique manuel, or rose, diamants, cuir""}",21200.0,EUR,CRWJTA0037,https://www.cartier.com/fr-fr/montre-tank-louis-cartier_cod20346390236331727.html#dept=EU_Tank
Montre Tank Américaine,"Grand modèle, mouvement automatique, platine, cuir""}",25600.0,EUR,CRWGTA0297,https://www.cartier.com/fr-fr/montre-tank-americaine_cod1647597341907063.html#dept=EU_Tank
Montre Santos de Cartier,"Moyen modèle, mouvement automatique, acier, bracelets métal et cuir interchangeables""}",7650.0,EUR,CRWSSA0029,https://www.cartier.com/fr-fr/montre-santos-de-cartier_cod1647597339937489.html#dept=EU_Santos-de-Cartier
Montre Santos de Cartier,"Moyen modèle, mouvement automatique, or jaune, acier, bracelets métal et cuir interchangeables""}",11400.0,EUR,CRW2SA0016,https://www.cartier.com/fr-fr/montre-santos-de-cartier_cod1647597339937469.html#dept=EU_Santos-de-Cartier
Montre Santos-Dumont,"Petit modèle, mouvement quartz, acier, cuir""}",4200.0,EUR,CRWSSA0023,https://www.cartier.com/fr-fr/montre-santos-dumont_cod44733502651435033.html#dept=EU_Santos-de-Cartier
Montre Santos de Cartier,"Grand modèle, automatique, double fuseau horaire, acier""}",9900.0,EUR,CRWSSA0076,https://www.cartier.com/fr-fr/montre-santos-de-cartier_cod1647597341909163.html#dept=EU_Santos-de-Cartier
Montre Santos de Cartier,"Grand modèle, mouvement automatique, acier, ADLC, bracelets interchangeables en métal et caoutchouc""}",8700.0,EUR,CRWSSA0037,https://www.cartier.com/fr-fr/montre-santos-de-cartier_cod44733502651435039.html#dept=EU_Santos-de-Cartier
Montre Santos de Cartier,"Grand modèle, mouvement automatique, acier, bracelets métal et cuir interchangeables""}",8350.0,EUR,CRWSSA0018,https://www.cartier.com/fr-fr/montre-santos-de-cartier_cod1647597339937486.html#dept=EU_Santos-de-Cartier
Montre Santos de Cartier,"Grand modèle, mouvement automatique, or jaune et acier, bracelets métal et cuir interchangeables""}",12600.0,EUR,CRW2SA0030,https://www.cartier.com/fr-fr/montre-santos-de-cartier_cod1647597341908138.html#dept=EU_Santos-de-Cartier
Montre Santos de Cartier,"Grand modèle, mouvement automatique, or jaune, bracelets métal et cuir interchangeables""}",39600.0,EUR,CRWGSA0029,https://www.cartier.com/fr-fr/montre-santos-de-cartier_cod1647597339937472.html#dept=EU_Santos-de-Cartier
Montre Santos de Cartier,"Grand modèle, mouvement automatique, acier  ADLC, bracelets interchangeables en cuir et caoutchouc""}",8950.0,EUR,CRWSSA0039,https://www.cartier.com/fr-fr/montre-santos-de-cartier_cod1647597339937492.html#dept=EU_Santos-de-Cartier
Montre Santos de Cartier Chronographe,"Modèle extra-large, mouvement automatique, acier, ADLC, bracelets caoutchouc et cuir interchangeables""}",10800.0,EUR,CRWSSA0017,https://www.cartier.com/fr-fr/montre-santos-de-cartier-chronographe_cod1647597338824289.html#dept=EU_Santos-de-Cartier
Montre Santos de Cartier,"Grand modèle, mouvement automatique, acier, bracelets métal et cuir interchangeables""}",8350.0,EUR,CRWSSA0062,https://www.cartier.com/fr-fr/montre-santos-de-cartier_cod1647597322342027.html#dept=EU_Santos-de-Cartier
Montre Santos de Cartier,"Moyen modèle, mouvement automatique, acier, bracelets métal et cuir interchangeables""}",7650.0,EUR,CRWSSA0061,https://www.cartier.com/fr-fr/montre-santos-de-cartier_cod1647597322346531.html#dept=EU_Santos-de-Cartier
Montre Santos-Dumont,"Grand modèle, mouvement quartz, or rose, acier, cuir""}",6550.0,EUR,CRW2SA0037,https://www.cartier.com/fr-fr/montre-santos-dumont_cod1647597349846718.html#dept=EU_Santos-de-Cartier
Montre Santos-Dumont,"Grand modèle, mouvement quartz, acier, cuir""}",4500.0,EUR,CRWSSA0085,https://www.cartier.com/fr-fr/montre-santos-dumont_cod1647597349846899.html#dept=EU_Santos-de-Cartier
Montre Santos de Cartier Chronographe,"Modèle extra-large, mouvement automatique, or jaune, acier, bracelets métal et caoutchouc interchangeables""}",15900.0,EUR,CRW2SA0008,https://www.cartier.com/fr-fr/montre-santos-de-cartier-chronographe_cod1647597338821784.html#dept=EU_Santos-de-Cartier
Montre Santos de Cartier,"Grand modèle, mouvement manuel squeletté, or jaune, bracelets métal et cuir interchangeables""}",76000.0,EUR,CRWHSA0042,https://www.cartier.com/fr-fr/montre-santos-de-cartier_cod1647597343826530.html#dept=EU_Santos-de-Cartier
Montre Santos de Cartier,"Grand modèle, mouvement automatique, acier, bracelets métal et cuir interchangeables""}",8350.0,EUR,CRWSSA0064,https://www.cartier.com/fr-fr/montre-santos-de-cartier_cod1647597341909228.html#dept=EU_Santos-de-Cartier
Montre Santos de Cartier,"Moyen modèle, mouvement automatique, acier, bracelets métal et cuir interchangeables""}",7650.0,EUR,CRWSSA0065,https://www.cartier.com/fr-fr/montre-santos-de-cartier_cod1647597341909231.html#dept=EU_Santos-de-Cartier
Montre Santos de Cartier,"Grand modèle, mouvement automatique, acier, bracelets métal et cuir interchangeables""}",8350.0,EUR,CRWSSA0071,https://www.cartier.com/fr-fr/montre-santos-de-cartier_cod1647597341909234.html#dept=EU_Santos-de-Cartier
Montre Santos de Cartier,"Moyen modèle, mouvement automatique, acier, bracelets métal et cuir interchangeables""}",7650.0,EUR,CRWSSA0063,https://www.cartier.com/fr-fr/montre-santos-de-cartier_cod1647597329441933.html#dept=EU_Santos-de-Cartier
Montre Santos-Dumont,"Grand modèle, mouvement manuel, or rose, cuir""}",16800.0,EUR,CRWGSA0098,https://www.cartier.com/fr-fr/montre-santos-dumont_cod1647597342064178.html#dept=EU_Santos-de-Cartier
Montre Santos-Dumont,"Grand modèle, mouvement manuel, platine, cuir""}",23700.0,EUR,CRWGSA0096,https://www.cartier.com/fr-fr/montre-santos-dumont_cod1647597341907045.html#dept=EU_Santos-de-Cartier
Montre Santos-Dumont,"Grand modèle, mouvement manuel, or jaune, cuir""}",16800.0,EUR,CRWGSA0097,https://www.cartier.com/fr-fr/montre-santos-dumont_cod1647597341907048.html#dept=EU_Santos-de-Cartier
Montre Santos-Dumont,"Grand modèle, mouvement mécanique manuel, acier, laque, cuir""}",6550.0,EUR,CRWSSA0046,https://www.cartier.com/fr-fr/montre-santos-dumont_cod1647597300925938.html#dept=EU_Santos-de-Cartier
Montre Ballon Bleu de Cartier,"40 mm, mouvement mécanique automatique, acier""}",7800.0,EUR,CRWSBB0071,https://www.cartier.com/fr-fr/montre-ballon-bleu-de-cartier_cod1647597342063843.html#dept=EU_Ballon-de-Cartier
Montre Ballon Bleu de Cartier,"40mm, mouvement automatique, acier""}",7800.0,EUR,CRWSBB0061,https://www.cartier.com/fr-fr/montre-ballon-bleu-de-cartier_cod32027475399767418.html#dept=EU_Ballon-de-Cartier
Montre Ballon Bleu de Cartier,"33 mm, mouvement mécanique automatique, acier""}",6700.0,EUR,CRWSBB0044,https://www.cartier.com/fr-fr/montre-ballon-bleu-de-cartier_cod343549805672738.html#dept=EU_Ballon-de-Cartier
Montre Ballon Bleu de Cartier,"36 mm, mouvement mécanique automatique, acier""}",7150.0,EUR,CRWSBB0048,https://www.cartier.com/fr-fr/montre-ballon-bleu-de-cartier_cod343549805672742.html#dept=EU_Ballon-de-Cartier
Montre Ballon Bleu de Cartier,"42 mm, mouvement mécanique automatique, or jaune, acier""}",13100.0,EUR,CRW2BB0039,https://www.cartier.com/fr-fr/montre-ballon-bleu-de-cartier_cod1647597336581754.html#dept=EU_Ballon-de-Cartier
Montre Ballon Bleu de Cartier,"36 mm, mouvement mécanique automatique, or jaune, acier""}",11600.0,EUR,CRW2BB0038,https://www.cartier.com/fr-fr/montre-ballon-bleu-de-cartier_cod1647597336581751.html#dept=EU_Ballon-de-Cartier
Montre Ballon Bleu de Cartier,"40mm, mouvement automatique, or rose , cuir""}",17800.0,EUR,CRWGBB0035,https://www.cartier.com/fr-fr/montre-ballon-bleu-de-cartier_cod13452677149801335.html#dept=EU_Ballon-de-Cartier
Montre Ballon Bleu de Cartier,"33mm, mouvement automatique, or rose, cuir""}",14700.0,EUR,CRW6920097,https://www.cartier.com/fr-fr/montre-ballon-bleu-de-cartier_cod44733502651450771.html#dept=EU_Ballon-de-Cartier
Montre Ballon Bleu de Cartier,"33 mm, mouvement mécanique automatique, acier, diamants""}",8350.0,EUR,CRW4BB0021,https://www.cartier.com/fr-fr/montre-ballon-bleu-de-cartier_cod343549805672634.html#dept=EU_Ballon-de-Cartier
Montre Ballon Bleu de Cartier,"42 mm, mouvement mécanique automatique, acier""}",8050.0,EUR,CRWSBB0049,https://www.cartier.com/fr-fr/montre-ballon-bleu-de-cartier_cod343549805672744.html#dept=EU_Ballon-de-Cartier
Montre Ballon Bleu de Cartier,"36 mm, acier, cuir""}",6550.0,EUR,CRWSBB0028,https://www.cartier.com/fr-fr/montre-ballon-bleu-de-cartier_cod343549805672311.html#dept=EU_Ballon-de-Cartier
Montre Ballon Bleu de Cartier,"40mm, mouvement automatique, acier, cuir""}",7300.0,EUR,CRWSBB0039,https://www.cartier.com/fr-fr/montre-ballon-bleu-de-cartier_cod11452292647341344.html#dept=EU_Ballon-de-Cartier
Montre Ballon Bleu de Cartier,"28mm, mouvement quartz, acier, diamants""}",12900.0,EUR,CRW4BB0034,https://www.cartier.com/fr-fr/montre-ballon-bleu-de-cartier_cod1647597329066489.html#dept=EU_Ballon-de-Cartier
Montre Ballon Bleu de Cartier,"33mm, mouvement mécanique automatique, acier, diamants""}",14900.0,EUR,CRW4BB0035,https://www.cartier.com/fr-fr/montre-ballon-bleu-de-cartier_cod1647597329066492.html#dept=EU_Ballon-de-Cartier
Montre Ballon Bleu de Cartier,"42mm, mouvement automatique, or rose, cuir""}",19000.0,EUR,CRWGBB0030,https://www.cartier.com/fr-fr/montre-ballon-bleu-de-cartier_cod44733502651450856.html#dept=EU_Ballon-de-Cartier
Montre Ballon Bleu de Cartier,"36mm, mouvement automatique, or rose, cuir""}",16700.0,EUR,CRWGBB0009,https://www.cartier.com/fr-fr/montre-ballon-bleu-de-cartier_cod44733502651450851.html#dept=EU_Ballon-de-Cartier
Montre Ballon Bleu de Cartier,"33 mm, mouvement mécanique automatique, or jaune, acier""}",10300.0,EUR,CRW2BB0037,https://www.cartier.com/fr-fr/montre-ballon-bleu-de-cartier_cod1647597336581748.html#dept=EU_Ballon-de-Cartier
Montre Ballon Bleu de Cartier,"33 mm, mouvement mécanique automatique, or rose, acier, diamants""}",12400.0,EUR,CRW3BB0021,https://www.cartier.com/fr-fr/montre-ballon-bleu-de-cartier_cod343549805672306.html#dept=EU_Ballon-de-Cartier
Montre Ballon Bleu de Cartier,"33mm, mouvement mécanique automatique, acier""}",6700.0,EUR,CRWSBB0068,https://www.cartier.com/fr-fr/montre-ballon-bleu-de-cartier_cod1647597335646741.html#dept=EU_Ballon-de-Cartier
Montre Ballon Bleu de Cartier,"33mm, mouvement mécanique automatique, acier, diamants""}",12900.0,EUR,CRW4BB0037,https://www.cartier.com/fr-fr/montre-ballon-bleu-de-cartier_cod1647597337927714.html#dept=EU_Ballon-de-Cartier
Montre Ballon Bleu de Cartier,"42 mm, acier, cuir""}",7600.0,EUR,CRWSBB0027,https://www.cartier.com/fr-fr/montre-ballon-bleu-de-cartier_cod46353151655001913.html#dept=EU_Ballon-de-Cartier
Montre Ballon Bleu de Cartier,"42mm, mouvement automatique, or rose, cuir""}",19000.0,EUR,CRWGBB0036,https://www.cartier.com/fr-fr/montre-ballon-bleu-de-cartier_cod44733502651450858.html#dept=EU_Ballon-de-Cartier
Montre Ballon Bleu de Cartier,"40mm, mouvement automatique, acier""}",7800.0,EUR,CRWSBB0060,https://www.cartier.com/fr-fr/montre-ballon-bleu-de-cartier_cod32027475399767415.html#dept=EU_Ballon-de-Cartier
Montre Ballon Bleu de Cartier,"42 mm, acier, cuir""}",7600.0,EUR,CRWSBB0026,https://www.cartier.com/fr-fr/montre-ballon-bleu-de-cartier_cod343549805672310.html#dept=EU_Ballon-de-Cartier
Montre Baignoire (Taille 16),"Mini modèle, taille 16, mouvement quartz, or jaune""}",14000.0,EUR,CRWGBA0045,https://www.cartier.com/fr-fr/montre-baignoire-taille-16_cod1647597348583042.html#dept=EU_Baignoire
Montre Baignoire (Taille 16),"Mini modèle, taille 16, mouvement quartz, or rose""}",14000.0,EUR,CRWGBA0048,https://www.cartier.com/fr-fr/montre-baignoire-taille-16_cod1647597348583048.html#dept=EU_Baignoire
Montre Baignoire,"Mini modèle, mouvement quartz, or jaune,  cuir""}",7800.0,EUR,CRWGBA0041,https://www.cartier.com/fr-fr/montre-baignoire_cod1647597348583036.html#dept=EU_Baignoire
Montre Baignoire,"Mini modèle, mouvement quartz, or jaune, cuir""}",7800.0,EUR,CRWGBA0040,https://www.cartier.com/fr-fr/montre-baignoire_cod1647597352331561.html#dept=EU_Baignoire
Montre Baignoire 1920 (Taille 17),"Mini modèle, taille 17, mouvement quartz, or jaune""}",14000.0,EUR,CRWGBA0050,https://www.cartier.com/fr-fr/montre-baignoire-1920-taille-17_cod1647597348583051.html#dept=EU_Baignoire
Montre Baignoire 1920 (Taille 17),"Mini modèle, taille 17, mouvement quartz, or rose""}",14000.0,EUR,CRWGBA0051,https://www.cartier.com/fr-fr/montre-baignoire-1920-taille-17_cod1647597348583054.html#dept=EU_Baignoire
Montre Baignoire (Taille 15),"Mini modèle, taille 15, mouvement quartz, or jaune""}",14000.0,EUR,CRWGBA0044,https://www.cartier.com/fr-fr/montre-baignoire-taille-15_cod1647597348583039.html#dept=EU_Baignoire
Montre Baignoire (Taille 15),"Mini modèle, taille 15, mouvement quartz, or rose""}",14000.0,EUR,CRWGBA0047,https://www.cartier.com/fr-fr/montre-baignoire-taille-15_cod1647597348583045.html#dept=EU_Baignoire
Montre Baignoire,"Mini modèle, mouvement quartz, or jaune, cuir""}",7800.0,EUR,CRWGBA0031,https://www.cartier.com/fr-fr/montre-baignoire_cod1647597352331553.html#dept=EU_Baignoire
Montre Baignoire,"Mini modèle, mouvement quartz, or jaune, cuir""}",7800.0,EUR,CRWGBA0032,https://www.cartier.com/fr-fr/montre-baignoire_cod1647597352331556.html#dept=EU_Baignoire
Montre Baignoire,"Petit modèle, quartz, or jaune, diamants, cuir""}",30300.0,EUR,CRWJBA0043,https://www.cartier.com/fr-fr/montre-baignoire_cod1647597352331569.html#dept=EU_Baignoire
Montre Baignoire,"Mini modèle, mouvement quartz, or gris, diamants, cuir""}",20600.0,EUR,CRWJBA0050,https://www.cartier.com/fr-fr/montre-baignoire_cod1647597348583087.html#dept=EU_Baignoire
Montre Baignoire,"Petit modèle, mouvement quartz, or jaune""}",28400.0,EUR,CRWGBA0043,https://www.cartier.com/fr-fr/montre-baignoire_cod1647597349846854.html#dept=EU_Baignoire
Montre Baignoire,"Petit modèle, taille 16, mouvement quartz, or rose, diamants""}",26900.0,EUR,CRWJBA0042,https://www.cartier.com/fr-fr/montre-baignoire_cod1647597352331566.html#dept=EU_Baignoire
Montre Baignoire,"Mini modèle, mouvement quartz, or gris, diamants""}",53000.0,EUR,CRHPI01773,https://www.cartier.com/fr-fr/montre-baignoire_cod1647597348567293.html#dept=EU_Baignoire
Montre Baignoire,"Petit modèle, mouvement quartz, or gris, diamants""}",45500.0,EUR,CRWJBA0051,https://www.cartier.com/fr-fr/montre-baignoire_cod1647597349846870.html#dept=EU_Baignoire
Montre Baignoire,"Petit modèle, taille 17, mouvement quartz, or rose, diamants""}",26900.0,EUR,CRWJBA0045,https://www.cartier.com/fr-fr/montre-baignoire_cod1647597352331572.html#dept=EU_Baignoire
Montre Baignoire,"Petit modèle, mouvement quartz, or gris""}",31100.0,EUR,CRWJBA0049,https://www.cartier.com/fr-fr/montre-baignoire_cod1647597349846869.html#dept=EU_Baignoire
Montre Baignoire,"Petit modèle, taille 15, mouvement quartz, or rose, diamants""}",26900.0,EUR,CRWJBA0041,https://www.cartier.com/fr-fr/montre-baignoire_cod1647597352331564.html#dept=EU_Baignoire
Montre Baignoire,"Petit modèle, taille 15, mouvement quartz, or jaune""}",19200.0,EUR,CRWGBA0024,https://www.cartier.com/fr-fr/montre-baignoire_cod1647597352331550.html#dept=EU_Baignoire
Montre Baignoire,"Petit modèle, taille 17, mouvement quartz, or jaune""}",19200.0,EUR,CRWGBA0037,https://www.cartier.com/fr-fr/montre-baignoire_cod1647597352331558.html#dept=EU_Baignoire
Montre Baignoire,"Petit modèle, taille 16, mouvement quartz, or jaune""}",19200.0,EUR,CRWGBA0025,https://www.cartier.com/fr-fr/montre-baignoire_cod1647597344464872.html#dept=EU_Baignoire
Montre Baignoire,"Petit modèle, mouvement quartz, or gris, diamants""}",111000.0,EUR,CRWJBA0021,https://www.cartier.com/fr-fr/montre-baignoire_cod1647597338824228.html#dept=EU_Baignoire
Montre Baignoire Allongée,"Moyen modèle, mouvement mécanique manuel, or gris, diamants""}",47600.0,EUR,CRWJBA0007,https://www.cartier.com/fr-fr/montre-baignoire-allongee_cod44733502651438015.html#dept=EU_Baignoire
Montre La Panthère de Cartier,"22,2 mm, mouvement quartz, or jaune, diamants, bracelet métal""}",89000.0,EUR,CRHPI01441,https://www.cartier.com/fr-fr/montre-la-panthere-de-cartier_cod1647597276076631.html#dept=EU_Panthere-Jewellery-Watches
Montre La Panthère de Cartier,"22,2 mm, mouvement quartz, or rose, diamants, bracelet métal""}",89000.0,EUR,CRHPI01442,https://www.cartier.com/fr-fr/montre-la-panthere-de-cartier_cod1647597276076453.html#dept=EU_Panthere-Jewellery-Watches
Montre La Panthère de Cartier,"22,2 mm, mouvement quartz, or gris rhodié, diamants, émeraudes, bracelet métal""}",142000.0,EUR,CRHPI01533,https://www.cartier.com/fr-fr/montre-la-panthere-de-cartier_cod1647597276076646.html#dept=EU_Panthere-Jewellery-Watches
Montre La Panthère de Cartier,"23,6mm, mouvement quartz, or jaune , diamants, bracelet métal""}",64000.0,EUR,CRHPI01526,https://www.cartier.com/fr-fr/montre-la-panthere-de-cartier_cod1647597283682054.html#dept=EU_Panthere-Jewellery-Watches
Montre La Panthère de Cartier,"23,6mm, mouvement quartz, or jaune , diamants, bracelet métal""}",84000.0,EUR,CRHPI01509,https://www.cartier.com/fr-fr/montre-la-panthere-de-cartier_cod1647597279282985.html#dept=EU_Panthere-Jewellery-Watches
Montre La Panthère de Cartier,"23,6mm, mouvement quartz, or rose , diamants, bracelet métal""}",84000.0,EUR,CRHPI01510,https://www.cartier.com/fr-fr/montre-la-panthere-de-cartier_cod1647597283726659.html#dept=EU_Panthere-Jewellery-Watches
Montre La Panthère de Cartier,"23,6 mm, or jaune, diamants""}",76000.0,EUR,CRHPI01382,https://www.cartier.com/fr-fr/montre-la-panthere-de-cartier_cod25372685655516916.html#dept=EU_Panthere-Jewellery-Watches
Montre La Panthère de Cartier,"23,6mm, mouvement quartz, or jaune , diamants, bracelet métal""}",107000.0,EUR,CRHPI01511,https://www.cartier.com/fr-fr/montre-la-panthere-de-cartier_cod43769801097830969.html#dept=EU_Panthere-Jewellery-Watches
Montre La Panthère de Cartier,"18mm, mouvement quartz, or jaune, diamants, émeraudes, laque""}",135000.0,EUR,CRHPI01219,https://www.cartier.com/fr-fr/montre-la-panthere-de-cartier_cod25372685655516885.html#dept=EU_Panthere-Jewellery-Watches
Montre La Panthère de Cartier,"23,6 mm, or gris rhodié, diamants, cuir""}",125000.0,EUR,CRHPI01426,https://www.cartier.com/fr-fr/montre-la-panthere-de-cartier_cod25372685655516922.html#dept=EU_Panthere-Jewellery-Watches
Montre La Panthère de Cartier,"23,6 mm, or gris rhodié, diamants""}",216000.0,EUR,CRHPI01425,https://www.cartier.com/fr-fr/montre-la-panthere-de-cartier_cod25372685655516921.html#dept=EU_Panthere-Jewellery-Watches
Montre La Panthère de Cartier,"23,6 mm, or gris rhodié, diamants""}",298000.0,EUR,CRHPI01383,https://www.cartier.com/fr-fr/montre-la-panthere-de-cartier_cod25372685655516917.html#dept=EU_Panthere-Jewellery-Watches
Montre Révélation d'une Panthère,"37 mm, or gris rhodié, diamants, cuir""}",141000.0,EUR,CRHPI01430,https://www.cartier.com/fr-fr/montre-revelation-d-une-panthere_cod25372685655516923.html#dept=EU_Panthere-Jewellery-Watches
Montre Révélation d'une Panthère,"37mm, mouvement mécanique manuel, or rose, diamants, billes d'or rose""}",125000.0,EUR,CRHPI01259,https://www.cartier.com/fr-fr/montre-revelation-d-une-panthere_cod44733502651434883.html#dept=EU_Panthere-Jewellery-Watches
Montre Révélation d'une Panthère,"37mm, manuel, or jaune, diamants, nacre, cuir""}",132000.0,EUR,CRHPI01354,https://www.cartier.com/fr-fr/montre-revelation-d-une-panthere_cod25372685655516909.html#dept=EU_Panthere-Jewellery-Watches
Montre Révélation d'une Panthère,"37mm, manuel, or rose, diamants, nacre, cuir""}",132000.0,EUR,CRHPI01355,https://www.cartier.com/fr-fr/montre-revelation-d-une-panthere_cod25372685655516910.html#dept=EU_Panthere-Jewellery-Watches
Montre La Panthère de Cartier,"Petit modèle, mouvement quartz, or jaune, diamants""}",51000.0,EUR,CRHPI01380,https://www.cartier.com/fr-fr/montre-la-panthere-de-cartier_cod25372685655516914.html#dept=EU_Panthere-Jewellery-Watches
Montre La Panthère de Cartier,"Petit modèle, mouvement quartz, or rose, diamants""}",51000.0,EUR,CRHPI01381,https://www.cartier.com/fr-fr/montre-la-panthere-de-cartier_cod25372685655516915.html#dept=EU_Panthere-Jewellery-Watches
Montre La Panthère de Cartier,"Petit modèle, mouvement quartz, or jaune, diamants, tsavorites, laque, cuir""}",34100.0,EUR,CRHPI01297,https://www.cartier.com/fr-fr/montre-la-panthere-de-cartier_cod6630340698987489.html#dept=EU_Panthere-Jewellery-Watches
Montre La Panthère de Cartier,"Petit modèle, mouvement quartz, or rose, diamants, cuir""}",34100.0,EUR,CRHPI01379,https://www.cartier.com/fr-fr/montre-la-panthere-de-cartier_cod25372685655516913.html#dept=EU_Panthere-Jewellery-Watches
Montre La Panthère de Cartier,"18mm, mouvement quartz, or jaune, diamants, tsavorites, laque""}",67000.0,EUR,CRHPI01342,https://www.cartier.com/fr-fr/montre-la-panthere-de-cartier_cod25372685655516905.html#dept=EU_Panthere-Jewellery-Watches
Montre La Panthère de Cartier,"18mm, mouvement quartz, or jaune, diamants, tsavorites, laque""}",67000.0,EUR,CRHPI01217,https://www.cartier.com/fr-fr/montre-la-panthere-de-cartier_cod25372685655516883.html#dept=EU_Panthere-Jewellery-Watches
Montre Ronde Louis Cartier,"40mm, mouvement mécanique automatique, or rose, cuir""}",14600.0,EUR,CRWGRN0011,https://www.cartier.com/fr-fr/montre-ronde-louis-cartier_cod1647597327306946.html#dept=EU_Ronde-and-Rotonde-de-Cartier
Montre Rotonde de Cartier,"45mm, mouvement mécanique manuel, or rose, cuir""}",625000.0,EUR,CRWHRO0061,https://www.cartier.com/fr-fr/montre-rotonde-de-cartier_cod44733502651437997.html#dept=EU_Ronde-and-Rotonde-de-Cartier
Montre squelette Rotonde de Cartier avec affichage mystérieux,"42mm, mouvement mécanique manuel, or rose, cuir""}",67000.0,EUR,CRWHRO0060,https://www.cartier.com/fr-fr/montre-squelette-rotonde-de-cartier-avec-affichage-mysterieux_cod44733502651442531.html#dept=EU_Ronde-and-Rotonde-de-Cartier
Montre squelette Rotonde de Cartier avec affichage mystérieux,"42mm, mouvement mécanique manuel, or gris, diamants, saphirs, cuir""}",107000.0,EUR,CRHPI01337,https://www.cartier.com/fr-fr/montre-squelette-rotonde-de-cartier-avec-affichage-mysterieux_cod25372685655516900.html#dept=EU_Ronde-and-Rotonde-de-Cartier
Montre Rotonde de Cartier,"45mm, mouvement automatique, or rose, cuir""}",209000.0,EUR,CRWHRO0027,https://www.cartier.com/fr-fr/montre-rotonde-de-cartier_cod44733502651447186.html#dept=EU_Ronde-and-Rotonde-de-Cartier
Montre Rotonde de Cartier Masse mystérieuse,"Coffret en édition limitée et numérotée de 30 pièces, platine, bracelets cuir interchangeables""}",339000.0,EUR,CRWHRO0082,https://www.cartier.com/fr-fr/montre-rotonde-de-cartier-masse-mysterieuse_cod1647597280495014.html#dept=EU_Ronde-and-Rotonde-de-Cartier
Montre Rotonde de Cartier,"45mm, mouvement mécanique manuel, titane, cuir""}",595000.0,EUR,CRWHRO0064,https://www.cartier.com/fr-fr/montre-rotonde-de-cartier_cod44733502651442532.html#dept=EU_Ronde-and-Rotonde-de-Cartier
Montre Rotonde de Cartier,"45mm, mouvement automatique, or rose, cuir""}",700000.0,EUR,CRWHRO0065,https://www.cartier.com/fr-fr/montre-rotonde-de-cartier_cod44733502651437998.html#dept=EU_Ronde-and-Rotonde-de-Cartier
Montre Ronde Louis Cartier,"29mm, mouvement quartz, or rose, cuir""}",9750.0,EUR,CRWGRN0018,https://www.cartier.com/fr-fr/montre-ronde-louis-cartier_cod1647597349846859.html#dept=EU_Ronde-and-Rotonde-de-Cartier
Montre Ronde Louis Cartier,"36mm, mouvement quartz, or rose, cuir""}",11100.0,EUR,CRWGRN0017,https://www.cartier.com/fr-fr/montre-ronde-louis-cartier_cod1647597349846858.html#dept=EU_Ronde-and-Rotonde-de-Cartier
Montre Ronde Louis Cartier,"29mm, mouvement quartz, or rose, diamants, cuir""}",17600.0,EUR,CRWJRN0012,https://www.cartier.com/fr-fr/montre-ronde-louis-cartier_cod1647597349846890.html#dept=EU_Ronde-and-Rotonde-de-Cartier
Montre Ronde Louis Cartier,"36mm, mouvement quartz, or rose, diamants, cuir""}",20600.0,EUR,CRWJRN0011,https://www.cartier.com/fr-fr/montre-ronde-louis-cartier_cod1647597349846889.html#dept=EU_Ronde-and-Rotonde-de-Cartier
Montre Pasha de Cartier,"35mm, mouvement automatique, acier, bracelets métal et cuir interchangeables""}",7300.0,EUR,CRWSPA0013,https://www.cartier.com/fr-fr/montre-pasha-de-cartier_cod1647597338824269.html#dept=EU_Pasha-de-Cartier
Montre Pasha de Cartier,"35 mm, automatique, or rose, diamants, 2 bracelets cuir (interchangeables)""}",53000.0,EUR,CRWJPA0032,https://www.cartier.com/fr-fr/montre-pasha-de-cartier_cod1647597345392981.html#dept=EU_Pasha-de-Cartier
Montre Pasha de Cartier,"30 mm, quartz, or rose, diamants, 2 bracelets cuir (interchangeables)""}",39300.0,EUR,CRWJPA0033,https://www.cartier.com/fr-fr/montre-pasha-de-cartier_cod1647597345392984.html#dept=EU_Pasha-de-Cartier
Montre Pasha de Cartier,"41 mm, mouvement automatique, or jaune, bracelets cuir interchangeables""}",21900.0,EUR,CRWGPA0019,https://www.cartier.com/fr-fr/montre-pasha-de-cartier_cod1647597283185777.html#dept=EU_Pasha-de-Cartier
Montre Pasha de Cartier,"35mm, mouvement automatique, acier, bracelets acier et cuir interchangeables""}",7300.0,EUR,CRWSPA0041,https://www.cartier.com/fr-fr/montre-pasha-de-cartier_cod1647597329441930.html#dept=EU_Pasha-de-Cartier
Montre Pasha de Cartier,"41mm, mouvement automatique, acier, bracelets acier et cuir interchangeables""}",7950.0,EUR,CRWSPA0040,https://www.cartier.com/fr-fr/montre-pasha-de-cartier_cod1647597329066516.html#dept=EU_Pasha-de-Cartier
Montre Pasha de Cartier,"41 mm, mouvement automatique, acier, bracelets cuir interchangeables""}",10100.0,EUR,CRWSPA0030,https://www.cartier.com/fr-fr/montre-pasha-de-cartier_cod1647597338821819.html#dept=EU_Pasha-de-Cartier
Montre Pasha de Cartier,"30 mm, mouvement quartz, or rose, diamants, bracelets cuir interchangeables""}",25400.0,EUR,CRWJPA0021,https://www.cartier.com/fr-fr/montre-pasha-de-cartier_cod1647597338824245.html#dept=EU_Pasha-de-Cartier
Montre Pasha de Cartier,"30mm, mouvement quartz, or rose , diamants, bracelets cuir interchangeables""}",21900.0,EUR,CRWJPA0017,https://www.cartier.com/fr-fr/montre-pasha-de-cartier_cod1647597338824241.html#dept=EU_Pasha-de-Cartier
Montre Pasha de Cartier,"35mm, mouvement automatique, or rose, diamants, 2 bracelets cuir interchangeables""}",30300.0,EUR,CRWJPA0012,https://www.cartier.com/fr-fr/montre-pasha-de-cartier_cod1647597338824235.html#dept=EU_Pasha-de-Cartier
Montre Pasha de Cartier,"35 mm, mouvement automatique, or rose, diamants, bracelets cuir interchangeables""}",34400.0,EUR,CRWJPA0020,https://www.cartier.com/fr-fr/montre-pasha-de-cartier_cod1647597283185782.html#dept=EU_Pasha-de-Cartier
Montre Pasha de Cartier,"35mm, mouvement automatique, or rose, 2 bracelets cuir interchangeables""}",17400.0,EUR,CRWGPA0014,https://www.cartier.com/fr-fr/montre-pasha-de-cartier_cod1647597338824212.html#dept=EU_Pasha-de-Cartier
Montre Pasha de Cartier,"41 mm, automatique, acier, bracelets métal et cuir (interchangeables)""}",7950.0,EUR,CRWSPA0045,https://www.cartier.com/fr-fr/montre-pasha-de-cartier_cod1647597341909151.html#dept=EU_Pasha-de-Cartier
Montre Pasha de Cartier,"41 mm, chronographe, automatique, acier, bracelets métal et cuir (interchangeables)""}",11200.0,EUR,CRWSPA0046,https://www.cartier.com/fr-fr/montre-pasha-de-cartier_cod1647597341909154.html#dept=EU_Pasha-de-Cartier
Montre Pasha de Cartier,"35mm, mouvement automatique, or rose, diamants, bracelets métal et cuir interchangeables""}",46700.0,EUR,CRWJPA0013,https://www.cartier.com/fr-fr/montre-pasha-de-cartier_cod1647597338824238.html#dept=EU_Pasha-de-Cartier
Montre Pasha de Cartier,"41mm, mouvement mécanique manuel, or rose, 2 bracelets cuir interchangeables""}",93000.0,EUR,CRWHPA0010,https://www.cartier.com/fr-fr/montre-pasha-de-cartier_cod42247633209267041.html#dept=EU_Pasha-de-Cartier
Montre squelette Pasha de Cartier,"41mm, mouvement automatique, acier, 2 bracelets cuir interchangeables""}",31400.0,EUR,CRWHPA0017,https://www.cartier.com/fr-fr/montre-squelette-pasha-de-cartier_cod45666037504809308.html#dept=EU_Pasha-de-Cartier
Montre Pasha de Cartier,"35mm, mouvement automatique, or gris, diamants""}",153000.0,EUR,CRWJPA0014,https://www.cartier.com/fr-fr/montre-pasha-de-cartier_cod25372685655503483.html#dept=EU_Pasha-de-Cartier
Montre squelette Pasha de Cartier,"41mm, mouvement automatique, acier, bracelets métal et cuir interchangeables""}",31400.0,EUR,CRWHPA0009,https://www.cartier.com/fr-fr/montre-squelette-pasha-de-cartier_cod25372685655505435.html#dept=EU_Pasha-de-Cartier
Montre Pasha de Cartier,"35 mm, mouvement automatique, or rose, bracelets cuir interchangeables""}",19200.0,EUR,CRWGPA0028,https://www.cartier.com/fr-fr/montre-pasha-de-cartier_cod1647597322346522.html#dept=EU_Pasha-de-Cartier
Montre squelette Pasha de Cartier,"41mm, mouvement mécanique manuel, or rose, 2 bracelets cuir interchangeables""}",114000.0,EUR,CRWHPA0006,https://www.cartier.com/fr-fr/montre-squelette-pasha-de-cartier_cod1647597338824225.html#dept=EU_Pasha-de-Cartier
Montre Pasha de Cartier,"30mm, mouvement quartz, or gris , diamants""}",143000.0,EUR,CRWJPA0019,https://www.cartier.com/fr-fr/montre-pasha-de-cartier_cod36856120585486872.html#dept=EU_Pasha-de-Cartier
Montre squelette Pasha de Cartier,"41mm, mouvement mécanique manuel, or gris, diamants, 2 bracelets cuir interchangeables""}",161000.0,EUR,CRHPI01435,https://www.cartier.com/fr-fr/montre-squelette-pasha-de-cartier_cod1647597338788144.html#dept=EU_Pasha-de-Cartier
Montre squelette Pasha de Cartier,"41mm, mouvement automatique, acier, bracelets métal et cuir interchangeables""}",31400.0,EUR,CRWHPA0007,https://www.cartier.com/fr-fr/montre-squelette-pasha-de-cartier_cod1647597339937475.html#dept=EU_Pasha-de-Cartier
Montre Reflection de Cartier (Taille 15),"Quartz, or jaune""}",42000.0,EUR,CRWGMC0003,https://www.cartier.com/fr-fr/montre-reflection-de-cartier-taille-15_cod1647597360018563.html#dept=EU_Reflection
Montre Reflection de Cartier,"Quartz, or gris, diamants, opale, œil-de-tigre, améthystes, grenats spessartite""}",180000.0,EUR,CRWJMC0003,https://www.cartier.com/fr-fr/montre-reflection-de-cartier_cod1647597354966730.html#dept=EU_Reflection
Montre Reflection de Cartier,"Quartz, or gris, diamants, chrysoprase, obsidienne, émeraudes, tourmalines type Paraíba""}",180000.0,EUR,CRWJMC0002,https://www.cartier.com/fr-fr/montre-reflection-de-cartier_cod1647597348437662.html#dept=EU_Reflection
Montre Clash [Un]limited,"Petit modèle, mouvement quartz, or jaune et violet""}",36000.0,EUR,CRWGMB0002,https://www.cartier.com/fr-fr/montre-clash-un-limited_cod1647597360018555.html#dept=EU_Clash-Unlimited-2
Montre Clash [Un]limited,"Petit modèle, mouvement quartz, or rose et violet""}",36000.0,EUR,CRWGMB0003,https://www.cartier.com/fr-fr/montre-clash-un-limited_cod1647597360018558.html#dept=EU_Clash-Unlimited-2
Montre Clash [Un]limited,"21,4mm, mouvement quartz, or gris , diamants, bracelet métal""}",447000.0,EUR,CRHPI01459,https://www.cartier.com/fr-fr/montre-clash-un-limited_cod25185454456961661.html#dept=EU_Clash-Unlimited-2
Montre squelette Tonneau,"Modèle extra-large, mouvement mécanique manuel, or rose, cuir""}",83500.0,EUR,CRWHTN0005,https://www.cartier.com/fr-fr/montre-squelette-tonneau_cod44733502651438011.html#dept=EU_Cartier-Prive
Montre squelette Tank Cintrée,"Grand modèle, mouvement mécanique manuel, or rose""}",78000.0,EUR,CRWHTA0008,https://www.cartier.com/fr-fr/montre-squelette-tank-cintree_cod44733502651438008.html#dept=EU_Cartier-Prive
Montre Tonneau,"Grand modèle, mouvement mécanique manuel, or rose, cuir""}",33500.0,EUR,CRWGTN0006,https://www.cartier.com/fr-fr/montre-tonneau_cod44733502651447165.html#dept=EU_Cartier-Prive
Montre squelette Tank Cintrée,"Grand modèle, mouvement mécanique manuel, platine""}",86500.0,EUR,CRWHTA0009,https://www.cartier.com/fr-fr/montre-squelette-tank-cintree_cod44733502651438009.html#dept=EU_Cartier-Prive
Montre squelette Tonneau,"Modèle extra-large, mouvement mécanique manuel, platine, cuir""}",96000.0,EUR,CRWHTN0006,https://www.cartier.com/fr-fr/montre-squelette-tonneau_cod44733502651438013.html#dept=EU_Cartier-Prive
Montre squelette Tank Cintrée,"Grand modèle, mouvement mécanique manuel, platine, diamants""}",123000.0,EUR,CRHPI01123,https://www.cartier.com/fr-fr/montre-squelette-tank-cintree_cod44733502651459461.html#dept=EU_Cartier-Prive
Montre squelette Tonneau,"Modèle extra-large, mouvement mécanique manuel, platine, cuir""}",96000.0,EUR,CRWHTN0012,https://www.cartier.com/fr-fr/montre-squelette-tonneau_cod1647597334843160.html#dept=EU_Cartier-Prive
Montre squelette Santos de Cartier,"Grand modèle, mouvement mécanique manuel, acier, bracelets métal et caoutchouc interchangeables""}",34100.0,EUR,CRWHSA0026,https://www.cartier.com/fr-fr/montre-squelette-santos-de-cartier_cod1647597296542500.html#dept=EU_Fine-Watchmaking
Montre squelette Santos de Cartier,"Grand modèle, mouvement mécanique manuel, acier, bracelets métal et cuir interchangeables""}",34100.0,EUR,CRWHSA0028,https://www.cartier.com/fr-fr/montre-squelette-santos-de-cartier_cod1647597296542503.html#dept=EU_Fine-Watchmaking
Montre squelette Santos de Cartier,"Grand modèle, mouvement mécanique manuel, acier, bracelets métal et cuir interchangeables""}",34100.0,EUR,CRWHSA0027,https://www.cartier.com/fr-fr/montre-squelette-santos-de-cartier_cod1647597296541195.html#dept=EU_Fine-Watchmaking
Montre squelette Santos de Cartier,"Grand modèle, mouvement mécanique manuel, or jaune, acier, cuir""}",38200.0,EUR,CRWHSA0019,https://www.cartier.com/fr-fr/montre-squelette-santos-de-cartier_cod33258524072945652.html#dept=EU_Fine-Watchmaking
Montre squelette Tonneau,"Modèle extra-large, mouvement mécanique manuel, platine, cuir""}",96000.0,EUR,CRWHTN0006,https://www.cartier.com/fr-fr/montre-squelette-tonneau_cod44733502651438013.html#dept=EU_Fine-Watchmaking
Montre squelette Tonneau,"Modèle extra-large, mouvement mécanique manuel, or rose, cuir""}",83500.0,EUR,CRWHTN0005,https://www.cartier.com/fr-fr/montre-squelette-tonneau_cod44733502651438011.html#dept=EU_Fine-Watchmaking
Montre squelette Tank Cintrée,"Grand modèle, mouvement mécanique manuel, platine""}",86500.0,EUR,CRWHTA0009,https://www.cartier.com/fr-fr/montre-squelette-tank-cintree_cod44733502651438009.html#dept=EU_Fine-Watchmaking
Montre squelette Tank Cintrée,"Grand modèle, mouvement mécanique manuel, or rose""}",78000.0,EUR,CRWHTA0008,https://www.cartier.com/fr-fr/montre-squelette-tank-cintree_cod44733502651438008.html#dept=EU_Fine-Watchmaking
Montre squelette Pasha de Cartier,"41mm, mouvement automatique, acier, 2 bracelets cuir interchangeables""}",31400.0,EUR,CRWHPA0017,https://www.cartier.com/fr-fr/montre-squelette-pasha-de-cartier_cod45666037504809308.html#dept=EU_Fine-Watchmaking
Montre squelette Pasha de Cartier,"41mm, mouvement automatique, acier, bracelets métal et cuir interchangeables""}",31400.0,EUR,CRWHPA0009,https://www.cartier.com/fr-fr/montre-squelette-pasha-de-cartier_cod25372685655505435.html#dept=EU_Fine-Watchmaking
Montre Pasha de Cartier,"41mm, mouvement mécanique manuel, or rose, 2 bracelets cuir interchangeables""}",93000.0,EUR,CRWHPA0010,https://www.cartier.com/fr-fr/montre-pasha-de-cartier_cod42247633209267041.html#dept=EU_Fine-Watchmaking
Montre squelette Rotonde de Cartier avec affichage mystérieux,"42mm, mouvement mécanique manuel, or rose, cuir""}",67000.0,EUR,CRWHRO0060,https://www.cartier.com/fr-fr/montre-squelette-rotonde-de-cartier-avec-affichage-mysterieux_cod44733502651442531.html#dept=EU_Fine-Watchmaking
Montre squelette Tank Cintrée,"Grand modèle, mouvement mécanique manuel, platine, diamants""}",123000.0,EUR,CRHPI01123,https://www.cartier.com/fr-fr/montre-squelette-tank-cintree_cod44733502651459461.html#dept=EU_Fine-Watchmaking
Montre Rotonde de Cartier,"45mm, mouvement mécanique manuel, or rose, cuir""}",625000.0,EUR,CRWHRO0061,https://www.cartier.com/fr-fr/montre-rotonde-de-cartier_cod44733502651437997.html#dept=EU_Fine-Watchmaking
Montre Rotonde de Cartier,"45mm, mouvement automatique, or rose, cuir""}",700000.0,EUR,CRWHRO0065,https://www.cartier.com/fr-fr/montre-rotonde-de-cartier_cod44733502651437998.html#dept=EU_Fine-Watchmaking
Montre Pasha de Cartier,"41mm, mouvement mécanique manuel, or rose, diamants, 2 bracelets cuir interchangeables""}",126000.0,EUR,CRHPI01575,https://www.cartier.com/fr-fr/montre-pasha-de-cartier_cod1647597327306943.html#dept=EU_Fine-Watchmaking
Montre Rotonde de Cartier,"45mm, mouvement mécanique manuel, titane, cuir""}",595000.0,EUR,CRWHRO0064,https://www.cartier.com/fr-fr/montre-rotonde-de-cartier_cod44733502651442532.html#dept=EU_Fine-Watchmaking
"Boucles d'oreilles Trinity, modèle classique","Or gris, or jaune, or rose""}",3450.0,EUR,CR80083231,https://www.cartier.com/fr-fr/boucles-d-oreilles-trinity-modele-classique_cod25458910981317604.html#dept=EU_Trinity
"Bague Trinity, modèle classique","Or gris, or jaune, or rose""}",2120.0,EUR,CRB4234200,https://www.cartier.com/fr-fr/bague-trinity-modele-classique_cod1647597331273744.html#dept=EU_Trinity
"Mono boucle d'oreille Trinity, laque, semi-pavée","Or jaune, or rose, or gris, laque, diamants""}",14400.0,EUR,CRB8301513,https://www.cartier.com/fr-fr/mono-boucle-d-oreille-trinity-laque-semi-pavee_cod1647597356931605.html#dept=EU_Trinity
"Bague Trinity, laque, semi-pavée","Or jaune, or rose, or gris, laque, diamants""}",17400.0,EUR,CRB4241700,https://www.cartier.com/fr-fr/bague-trinity-laque-semi-pavee_cod1647597356931563.html#dept=EU_Trinity
Boucles d'oreilles Trinity,"Or gris, or jaune, or rose""}",1800.0,EUR,CRB8301540,https://www.cartier.com/fr-fr/boucles-d-oreilles-trinity_cod1647597358836418.html#dept=EU_Trinity
"Bague Trinity, modèle classique , semi-pavée","Or gris, or jaune, or rose, diamants""}",10600.0,EUR,CRB4236000,https://www.cartier.com/fr-fr/bague-trinity-modele-classique-semi-pavee_cod1647597331273748.html#dept=EU_Trinity
"Bracelet Trinity, de forme coussin","Or gris, or jaune, or rose""}",6000.0,EUR,CRB6080815,https://www.cartier.com/fr-fr/bracelet-trinity-de-forme-coussin_cod1647597358514337.html#dept=EU_Trinity
"Collier Trinity, diamants","Or gris, or jaune, or rose, diamants""}",9600.0,EUR,CRB7224811,https://www.cartier.com/fr-fr/collier-trinity-diamants_cod1647597341830603.html#dept=EU_Trinity
"Boucles d'oreilles Trinity, modèle classique, semi-pavées","Or gris, or jaune, or rose, diamants""}",16400.0,EUR,CRB8031900,https://www.cartier.com/fr-fr/boucles-d-oreilles-trinity-modele-classique-semi-pavees_cod25372685655705103.html#dept=EU_Trinity
"Puces d'oreilles Trinity, diamants taille brillant","Or gris, or jaune, or rose, diamants""}",7200.0,EUR,CRB8301459,https://www.cartier.com/fr-fr/puces-d-oreilles-trinity-diamants-taille-brillant_cod1647597341848467.html#dept=EU_Trinity
"Pendentif Trinity, pavé","Or gris, or jaune, or rose""}",3550.0,EUR,CRB7224808,https://www.cartier.com/fr-fr/pendentif-trinity-pave_cod1647597305021631.html#dept=EU_Trinity
"Bague Trinity, petit modèle","Or gris, or jaune, or rose""}",1540.0,EUR,CRB4235100,https://www.cartier.com/fr-fr/bague-trinity-petit-modele_cod1647597331273745.html#dept=EU_Trinity
"Bracelet Trinity, petit modèle","Or gris, or jaune, or rose""}",8650.0,EUR,CRB6067917,https://www.cartier.com/fr-fr/bracelet-trinity-petit-modele_cod1647597331273630.html#dept=EU_Trinity
"Bague Trinity, de forme coussin, modèle classique","Or gris, or jaune, or rose""}",2340.0,EUR,CRB4240600,https://www.cartier.com/fr-fr/bague-trinity-de-forme-coussin-modele-classique_cod1647597336534300.html#dept=EU_Trinity
"Boucles d'oreilles Trinity, diamants taille brillant","Or gris, or jaune, or rose, diamants""}",2760.0,EUR,CRB8301462,https://www.cartier.com/fr-fr/boucles-d-oreilles-trinity-diamants-taille-brillant_cod1647597341848468.html#dept=EU_Trinity
"Boucles d'oreilles Trinity, semi-pavées","Or gris, or jaune, or rose, diamants""}",9000.0,EUR,CRB8301465,https://www.cartier.com/fr-fr/boucles-d-oreilles-trinity-semi-pavees_cod1647597341848469.html#dept=EU_Trinity
"Bague Trinity, de forme coussin, grand modèle","Or gris, or jaune, or rose""}",4150.0,EUR,CRB4239900,https://www.cartier.com/fr-fr/bague-trinity-de-forme-coussin-grand-modele_cod1647597336534297.html#dept=EU_Trinity
"Bracelet Trinity, sur chaîne","Or gris, or jaune, or rose""}",1680.0,EUR,CRB6068115,https://www.cartier.com/fr-fr/bracelet-trinity-sur-chaine_cod1647597329791759.html#dept=EU_Trinity
"Bracelet Trinity, modèle classique","Or gris, or jaune, or rose""}",12000.0,EUR,CRB6067817,https://www.cartier.com/fr-fr/bracelet-trinity-modele-classique_cod1647597332686039.html#dept=EU_Trinity
"Bague Trinity, modèle classique, 5 diamants","Or gris, or jaune, or rose, diamants""}",3050.0,EUR,CRB4236400,https://www.cartier.com/fr-fr/bague-trinity-modele-classique-5-diamants_cod1647597331273750.html#dept=EU_Trinity
"Bague Trinity, modèle extra-large","Or gris, or jaune, or rose""}",6600.0,EUR,CRB4239800,https://www.cartier.com/fr-fr/bague-trinity-modele-extra-large_cod1647597336534294.html#dept=EU_Trinity
"Pendentif Trinity, moyen modèle, diamants","Or gris, or jaune, or rose, diamants""}",3600.0,EUR,CRB7224814,https://www.cartier.com/fr-fr/pendentif-trinity-moyen-modele-diamants_cod1647597343185133.html#dept=EU_Trinity
"Bracelet LOVE, sur chaîne, semi-pavé","Or jaune, diamants""}",4650.0,EUR,CRB6084300,https://www.cartier.com/fr-fr/bracelet-love-sur-chaine-semi-pave_cod1647597357217854.html#dept=EU_Love
"Pendentif LOVE, pavé","Or jaune, diamants""}",6400.0,EUR,CRB7225004,https://www.cartier.com/fr-fr/pendentif-love-pave_cod1647597357217869.html#dept=EU_Love
"Bague LOVE, petit modèle, pavée","Or jaune, diamants""}",7850.0,EUR,CRB4083300,https://www.cartier.com/fr-fr/bague-love-petit-modele-pavee_cod1647597325406498.html#dept=EU_Love
"Bague LOVE, modèle classique","Or jaune""}",2100.0,EUR,CRB4084600,https://www.cartier.com/fr-fr/bague-love-modele-classique_cod25458910981298326.html#dept=EU_Love
"Bracelet LOVE, modèle classique, finition brossée","Or gris, finition brossée""}",8550.0,EUR,CRB6077117,https://www.cartier.com/fr-fr/bracelet-love-modele-classique-finition-brossee_cod1647597329108855.html#dept=EU_Love
"Bracelet LOVE, moyen modèle","Or gris""}",7100.0,EUR,CRB6081617,https://www.cartier.com/fr-fr/bracelet-love-moyen-modele_cod1647597355682550.html#dept=EU_Love
"Boucles d'oreilles LOVE, multiportés","Or jaune""}",5050.0,EUR,CRB8301499,https://www.cartier.com/fr-fr/boucles-d-oreilles-love-multiportes_cod1647597337894171.html#dept=EU_Love
"Bague LOVE, petit modèle, 8 diamants","Or jaune, diamants""}",4550.0,EUR,CRB4056200,https://www.cartier.com/fr-fr/bague-love-petit-modele-8-diamants_cod1647597328108956.html#dept=EU_Love
"Boucles d'oreilles LOVE, multiportés","Or rose""}",5050.0,EUR,CRB8301498,https://www.cartier.com/fr-fr/boucles-d-oreilles-love-multiportes_cod1647597337894168.html#dept=EU_Love
"Bague LOVE, modèle classique, pavée","Or rose, diamants""}",11200.0,EUR,CRB4087600,https://www.cartier.com/fr-fr/bague-love-modele-classique-pavee_cod1647597327232048.html#dept=EU_Love
"Bracelet LOVE, sur chaîne, semi-pavé","Or rose, diamants""}",4650.0,EUR,CRB6084200,https://www.cartier.com/fr-fr/bracelet-love-sur-chaine-semi-pave_cod1647597357217851.html#dept=EU_Love
"Bracelet LOVE, sur chaîne, pavé","Or jaune, diamants""}",5700.0,EUR,CRB6084600,https://www.cartier.com/fr-fr/bracelet-love-sur-chaine-pave_cod1647597357217863.html#dept=EU_Love
"Bracelet LOVE, modèle classique","Or jaune""}",7950.0,EUR,CRB6067517,https://www.cartier.com/fr-fr/bracelet-love-modele-classique_cod1647597277058376.html#dept=EU_Love
"Bracelet LOVE, moyen modèle","Or jaune""}",6600.0,EUR,CRB6081517,https://www.cartier.com/fr-fr/bracelet-love-moyen-modele_cod1647597355682542.html#dept=EU_Love
"Bracelet LOVE, petit modèle, pavé","Or gris, diamants""}",31600.0,EUR,CRN6726517,https://www.cartier.com/fr-fr/bracelet-love-petit-modele-pave_cod1647597357220283.html#dept=EU_Love
"Bracelet LOVE, petit modèle, 10 diamants","Or gris, diamants""}",11000.0,EUR,CRB6079817,https://www.cartier.com/fr-fr/bracelet-love-petit-modele-10-diamants_cod1647597357218608.html#dept=EU_Love
"Bague LOVE, petit modèle","Or jaune""}",1350.0,EUR,CRB4085000,https://www.cartier.com/fr-fr/bague-love-petit-modele_cod1647597332270633.html#dept=EU_Love
"Bague LOVE, mini modèle, pavée","Or jaune, diamants""}",5350.0,EUR,CRB4218000,https://www.cartier.com/fr-fr/bague-love-mini-modele-pavee_cod25372685655711370.html#dept=EU_Love
"Créoles LOVE, modèle classique","Or jaune""}",3950.0,EUR,CRB8022500,https://www.cartier.com/fr-fr/creoles-love-modele-classique_cod25372685655706695.html#dept=EU_Love
"Mono boucle d'oreille LOVE, semi-pavée","Or jaune, diamants""}",5400.0,EUR,CRN8515243,https://www.cartier.com/fr-fr/mono-boucle-d-oreille-love-semi-pavee_cod1647597342120994.html#dept=EU_Love
"Bracelet LOVE, petit modèle, 10 diamants","Or jaune, diamants""}",10300.0,EUR,CRB6079717,https://www.cartier.com/fr-fr/bracelet-love-petit-modele-10-diamants_cod1647597357221626.html#dept=EU_Love
"Bracelet LOVE, petit modèle, 6 diamants","Or jaune, diamants""}",7600.0,EUR,CRB6079417,https://www.cartier.com/fr-fr/bracelet-love-petit-modele-6-diamants_cod1647597357221572.html#dept=EU_Love
"Bracelet LOVE, sur chaîne, pavé","Or rose, diamants""}",5700.0,EUR,CRB6084500,https://www.cartier.com/fr-fr/bracelet-love-sur-chaine-pave_cod1647597357217860.html#dept=EU_Love
"Pendentif LOVE, semi-pavé","Or rose, diamants""}",5350.0,EUR,CRB7013900,https://www.cartier.com/fr-fr/pendentif-love-semi-pave_cod25372685655706619.html#dept=EU_Love
"Bague Juste un Clou, petit modèle, diamants","Or jaune, diamants""}",3000.0,EUR,CRB4244900,https://www.cartier.com/fr-fr/bague-juste-un-clou-petit-modele-diamants_cod1647597352457163.html#dept=EU_Juste-Un-Clou
"Bracelet Juste un Clou, modèle classique","Or jaune""}",8650.0,EUR,CRB6048217,https://www.cartier.com/fr-fr/bracelet-juste-un-clou-modele-classique_cod25372685655708173.html#dept=EU_Juste-Un-Clou
"Bague Juste un Clou, petit modèle, diamants","Or rose, diamants""}",3000.0,EUR,CRB4244800,https://www.cartier.com/fr-fr/bague-juste-un-clou-petit-modele-diamants_cod1647597352457142.html#dept=EU_Juste-Un-Clou
"Bracelet Juste un Clou, modèle classique","Or rose""}",8650.0,EUR,CRB6048117,https://www.cartier.com/fr-fr/bracelet-juste-un-clou-modele-classique_cod25372685655708167.html#dept=EU_Juste-Un-Clou
"Bague Juste un Clou, petit modèle, semi-pavée","Or gris, diamants""}",6900.0,EUR,CRB4231600,https://www.cartier.com/fr-fr/bague-juste-un-clou-petit-modele-semi-pavee_cod25372685655521851.html#dept=EU_Juste-Un-Clou
"Bracelet Juste un Clou, petit modèle, diamants","Or gris""}",5850.0,EUR,CRB6084017,https://www.cartier.com/fr-fr/bracelet-juste-un-clou-petit-modele-diamants_cod1647597352632616.html#dept=EU_Juste-Un-Clou
"Boucles d'oreilles Juste un Clou, double, diamants","Or jaune, diamants""}",14300.0,EUR,CRB8301504,https://www.cartier.com/fr-fr/boucles-d-oreilles-juste-un-clou-double-diamants_cod1647597344247988.html#dept=EU_Juste-Un-Clou
"Boucles d'oreilles Juste un Clou, double, diamants","Or rose, diamants""}",14300.0,EUR,CRB8301503,https://www.cartier.com/fr-fr/boucles-d-oreilles-juste-un-clou-double-diamants_cod1647597344247985.html#dept=EU_Juste-Un-Clou
"Bague Juste un Clou, double, diamants","Or jaune, diamants""}",5100.0,EUR,CRB4211800,https://www.cartier.com/fr-fr/bague-juste-un-clou-double-diamants_cod25372685655711810.html#dept=EU_Juste-Un-Clou
"Bague Juste un Clou, double, semi-pavée","Or jaune, diamants""}",11300.0,EUR,CRB4211900,https://www.cartier.com/fr-fr/bague-juste-un-clou-double-semi-pavee_cod25458910981758938.html#dept=EU_Juste-Un-Clou
"Bague Juste un Clou, petit modèle, diamants","Or gris, diamants""}",3250.0,EUR,CRB4245000,https://www.cartier.com/fr-fr/bague-juste-un-clou-petit-modele-diamants_cod1647597352457184.html#dept=EU_Juste-Un-Clou
"Bracelet Juste un Clou, modèle classique","Or gris""}",9250.0,EUR,CRB6048317,https://www.cartier.com/fr-fr/bracelet-juste-un-clou-modele-classique_cod25372685655708178.html#dept=EU_Juste-Un-Clou
"Sautoir Juste un Clou, multiporté, modèle extra-large","Or rose""}",19200.0,EUR,CRN7424509,https://www.cartier.com/fr-fr/sautoir-juste-un-clou-multiporte-modele-extra-large_cod1647597347594015.html#dept=EU_Juste-Un-Clou
"Bracelet Juste un Clou, petit modèle","Or rose""}",3900.0,EUR,CRB6062517,https://www.cartier.com/fr-fr/bracelet-juste-un-clou-petit-modele_cod25372685655706597.html#dept=EU_Juste-Un-Clou
"Sautoir Juste un Clou, multiporté, modèle extra-large","Or jaune""}",19200.0,EUR,CRN7424510,https://www.cartier.com/fr-fr/sautoir-juste-un-clou-multiporte-modele-extra-large_cod1647597347594016.html#dept=EU_Juste-Un-Clou
"Bague Juste un Clou, petit modèle","Or jaune""}",1430.0,EUR,CRB4225900,https://www.cartier.com/fr-fr/bague-juste-un-clou-petit-modele_cod25372685655521805.html#dept=EU_Juste-Un-Clou
"Créoles Juste un Clou, grand modèle, pavées","Or gris, diamants""}",31300.0,EUR,CRN8515008,https://www.cartier.com/fr-fr/creoles-juste-un-clou-grand-modele-pavees_cod25458910981314371.html#dept=EU_Juste-Un-Clou
"Bracelet Juste un Clou, modèle classique, diamants","Or gris, diamants""}",15400.0,EUR,CRB6048717,https://www.cartier.com/fr-fr/bracelet-juste-un-clou-modele-classique-diamants_cod25458910981759290.html#dept=EU_Juste-Un-Clou
"Créoles Juste un Clou, grand modèle, pavées","Or rose, diamants""}",29100.0,EUR,CRN8515009,https://www.cartier.com/fr-fr/creoles-juste-un-clou-grand-modele-pavees_cod25458910981314372.html#dept=EU_Juste-Un-Clou
"Bracelet Juste un Clou, petit modèle, diamants","Or rose, diamants""}",5450.0,EUR,CRB6065817,https://www.cartier.com/fr-fr/bracelet-juste-un-clou-petit-modele-diamants_cod25372685655521738.html#dept=EU_Juste-Un-Clou
"Collier Juste un Clou, diamants","Or jaune, diamants""}",11200.0,EUR,CRB7224904,https://www.cartier.com/fr-fr/collier-juste-un-clou-diamants_cod1647597304782081.html#dept=EU_Juste-Un-Clou
Collier Juste un Clou,"Or gris""}",9850.0,EUR,CRB7224864,https://www.cartier.com/fr-fr/collier-juste-un-clou_cod1647597302934223.html#dept=EU_Juste-Un-Clou
"Bracelet Juste un Clou, petit modèle","Or gris""}",4150.0,EUR,CRB6083917,https://www.cartier.com/fr-fr/bracelet-juste-un-clou-petit-modele_cod1647597352632589.html#dept=EU_Juste-Un-Clou
"Bracelet Juste un Clou, petit modèle","Or jaune""}",3900.0,EUR,CRB6062617,https://www.cartier.com/fr-fr/bracelet-juste-un-clou-petit-modele_cod25458910981768052.html#dept=EU_Juste-Un-Clou
Boucles d'oreilles Clash de Cartier,"Or rose""}",4200.0,EUR,CRB8301520,https://www.cartier.com/fr-fr/boucles-d-oreilles-clash-de-cartier_cod1647597357217872.html#dept=EU_Clash-de-Cartier
Bague Clash de Cartier Moyen Modèle,"Or rose""}",3750.0,EUR,CRB4229900,https://www.cartier.com/fr-fr/bague-clash-de-cartier-moyen-modele_cod25372685655710130.html#dept=EU_Clash-de-Cartier
Boucles d'oreilles Clash de Cartier,"Or gris""}",4500.0,EUR,CRB8301521,https://www.cartier.com/fr-fr/boucles-d-oreilles-clash-de-cartier_cod1647597357217875.html#dept=EU_Clash-de-Cartier
Bague Clash de Cartier Moyen Modèle Rhodiée,"Or gris rhodié""}",4000.0,EUR,CRB4233000,https://www.cartier.com/fr-fr/bague-clash-de-cartier-moyen-modele-rhodiee_cod25372685655710152.html#dept=EU_Clash-de-Cartier
Bague Clash de Cartier,"Or jaune""}",4600.0,EUR,CRB4238300,https://www.cartier.com/fr-fr/bague-clash-de-cartier_cod1647597300468112.html#dept=EU_Clash-de-Cartier
Bague Clash de Cartier,"Or rose""}",4600.0,EUR,CRB4237800,https://www.cartier.com/fr-fr/bague-clash-de-cartier_cod1647597284036239.html#dept=EU_Clash-de-Cartier
Bracelet Clash de Cartier,"Or rose, diamants""}",20400.0,EUR,CRN6728517,https://www.cartier.com/fr-fr/bracelet-clash-de-cartier_cod1647597357220291.html#dept=EU_Clash-de-Cartier
Boucles d'oreilles Clash de Cartier,"Or rose, diamants""}",12600.0,EUR,CRN8515239,https://www.cartier.com/fr-fr/boucles-d-oreilles-clash-de-cartier_cod1647597322346504.html#dept=EU_Clash-de-Cartier
Collier Clash de Cartier,"Or rose, diamants""}",6750.0,EUR,CRN7424470,https://www.cartier.com/fr-fr/collier-clash-de-cartier_cod1647597322346501.html#dept=EU_Clash-de-Cartier
Bracelet Clash de Cartier,"Or rose""}",42000.0,EUR,CRN6729617,https://www.cartier.com/fr-fr/bracelet-clash-de-cartier_cod1647597358464152.html#dept=EU_Clash-de-Cartier
Bague Clash de Cartier,"Or rose, diamants""}",6400.0,EUR,CRN4796100,https://www.cartier.com/fr-fr/bague-clash-de-cartier_cod1647597329765590.html#dept=EU_Clash-de-Cartier
Bague Clash de Cartier Petit Modèle,"Or gris""}",2900.0,EUR,CRB4233100,https://www.cartier.com/fr-fr/bague-clash-de-cartier-petit-modele_cod25372685655709655.html#dept=EU_Clash-de-Cartier
Bague Clash de Cartier,"Or rose, diamants""}",13300.0,EUR,CRB4237900,https://www.cartier.com/fr-fr/bague-clash-de-cartier_cod1647597296024660.html#dept=EU_Clash-de-Cartier
Boucles d'oreilles Clash de Cartier,"Or rose""}",8400.0,EUR,CRB8301478,https://www.cartier.com/fr-fr/boucles-d-oreilles-clash-de-cartier_cod1647597284036261.html#dept=EU_Clash-de-Cartier
Bague Clash de Cartier Petit Modèle,"Or rose""}",2720.0,EUR,CRB4229800,https://www.cartier.com/fr-fr/bague-clash-de-cartier-petit-modele_cod25372685655710108.html#dept=EU_Clash-de-Cartier
Bracelet Clash de Cartier Moyen Modèle,"Or rose""}",11000.0,EUR,CRB6065217,https://www.cartier.com/fr-fr/bracelet-clash-de-cartier-moyen-modele_cod25458910981764676.html#dept=EU_Clash-de-Cartier
Collier Clash de Cartier,"Or rose""}",26500.0,EUR,CRN7424462,https://www.cartier.com/fr-fr/collier-clash-de-cartier_cod1647597301881914.html#dept=EU_Clash-de-Cartier
Bracelet Clash de Cartier,"Or rose""}",12600.0,EUR,CRN6723517,https://www.cartier.com/fr-fr/bracelet-clash-de-cartier_cod1647597304855098.html#dept=EU_Clash-de-Cartier
Bague Clash de Cartier,"Or rose""}",5700.0,EUR,CRB4235300,https://www.cartier.com/fr-fr/bague-clash-de-cartier_cod23841192565662816.html#dept=EU_Clash-de-Cartier
Bague Clash de Cartier Diamants,"Or rose, diamants""}",10400.0,EUR,CRN4765400,https://www.cartier.com/fr-fr/bague-clash-de-cartier-diamants_cod25372685655509593.html#dept=EU_Clash-de-Cartier
Boucles d'oreilles Clash de Cartier,"Or rose, diamants""}",23000.0,EUR,CRN8515236,https://www.cartier.com/fr-fr/boucles-d-oreilles-clash-de-cartier_cod1647597301578261.html#dept=EU_Clash-de-Cartier
Bague Clash de Cartier Moyen Modèle,"Or gris non-rhodié""}",4000.0,EUR,CRB4231100,https://www.cartier.com/fr-fr/bague-clash-de-cartier-moyen-modele_cod25458910981767157.html#dept=EU_Clash-de-Cartier
Collier Clash de Cartier,"Or gris""}",45000.0,EUR,CRN7424525,https://www.cartier.com/fr-fr/collier-clash-de-cartier_cod1647597357220301.html#dept=EU_Clash-de-Cartier
Bracelet Clash de Cartier Moyen Modèle,"Or gris""}",11700.0,EUR,CRB6065717,https://www.cartier.com/fr-fr/bracelet-clash-de-cartier-moyen-modele_cod25458910981768070.html#dept=EU_Clash-de-Cartier
Bague Panthère de Cartier,"Or jaune, grenats tsavorites, onyx""}",3950.0,EUR,CRB4230100,https://www.cartier.com/fr-fr/bague-panthere-de-cartier_cod25458910981766770.html#dept=EU_Panthere-de-Cartier
Boucles d'oreilles Panthère de Cartier,"Or rose, laque, grenats tsavorites, onyx""}",6600.0,EUR,CRB8301510,https://www.cartier.com/fr-fr/boucles-d-oreilles-panthere-de-cartier_cod1647597345776620.html#dept=EU_Panthere-de-Cartier
Boucles d'oreilles Panthère de Cartier,"Or jaune, laque, grenats tsavorites, onyx""}",6600.0,EUR,CRB8301509,https://www.cartier.com/fr-fr/boucles-d-oreilles-panthere-de-cartier_cod1647597345776617.html#dept=EU_Panthere-de-Cartier
Collier Panthère de Cartier,"Or gris, onyx, émeraudes, diamants""}",28900.0,EUR,CRN7424341,https://www.cartier.com/fr-fr/collier-panthere-de-cartier_cod6630340698858791.html#dept=EU_Panthere-de-Cartier
Collier Panthère de Cartier,"Or jaune, onyx, grenats tsavorites""}",9150.0,EUR,CRB7224756,https://www.cartier.com/fr-fr/collier-panthere-de-cartier_cod6630340698858717.html#dept=EU_Panthere-de-Cartier
Bague Panthère de Cartier,"Or jaune, emeraudes, onyx, diamants""}",12600.0,EUR,CRN4765800,https://www.cartier.com/fr-fr/bague-panthere-de-cartier_cod25458910981437639.html#dept=EU_Panthere-de-Cartier
Bague Panthère de Cartier,"Or gris, emeraudes, onyx, diamants""}",13400.0,EUR,CRN4765900,https://www.cartier.com/fr-fr/bague-panthere-de-cartier_cod25458910981438808.html#dept=EU_Panthere-de-Cartier
Bague Panthère de Cartier,"Or rose, grenats tsavorites, onyx""}",3950.0,EUR,CRB4230000,https://www.cartier.com/fr-fr/bague-panthere-de-cartier_cod25458910981766748.html#dept=EU_Panthere-de-Cartier
Bague Panthère de Cartier,"Or rose, grenats tsavorite, onyx, laque noire, diamants""}",9600.0,EUR,CRB4221400,https://www.cartier.com/fr-fr/bague-panthere-de-cartier_cod25372685655710961.html#dept=EU_Panthere-de-Cartier
Bague Panthère de Cartier,"Or jaune, laque, diamants, grenat tsavorite""}",9600.0,EUR,CRB4096700,https://www.cartier.com/fr-fr/bague-panthere-de-cartier_cod25458910981302007.html#dept=EU_Panthere-de-Cartier
Bague Panthère de Cartier,"Or jaune, emeraudes, onyx, diamants""}",16400.0,EUR,CRN4765500,https://www.cartier.com/fr-fr/bague-panthere-de-cartier_cod25458910981437577.html#dept=EU_Panthere-de-Cartier
Bague Panthère de Cartier,"Or rose, émeraudes, onyx, diamants""}",12600.0,EUR,CRN4765700,https://www.cartier.com/fr-fr/bague-panthere-de-cartier_cod25458910981437619.html#dept=EU_Panthere-de-Cartier
Bague Panthère de Cartier,"Or jaune, onyx""}",18900.0,EUR,CRN4788100,https://www.cartier.com/fr-fr/bague-panthere-de-cartier_cod1647597298556116.html#dept=EU_Panthere-de-Cartier
Bague Panthère de Cartier,"Or jaune, onyx, laque, grenats tsavorites""}",18500.0,EUR,CRN4780900,https://www.cartier.com/fr-fr/bague-panthere-de-cartier_cod43769801097815918.html#dept=EU_Panthere-de-Cartier
Bague Panthère de Cartier,"Or jaune, grenats tsavorites, laque""}",7750.0,EUR,CRB4230800,https://www.cartier.com/fr-fr/bague-panthere-de-cartier_cod25458910981766837.html#dept=EU_Panthere-de-Cartier
Bague Panthère de Cartier,"Or rose, grenats tsavorites, onyx""}",7750.0,EUR,CRB4230900,https://www.cartier.com/fr-fr/bague-panthere-de-cartier_cod25458910981766847.html#dept=EU_Panthere-de-Cartier
Bague Panthère de Cartier,"Or jaune, grenats tsavorite, onyx""}",25300.0,EUR,CRN4722500,https://www.cartier.com/fr-fr/bague-panthere-de-cartier_cod25458910981760423.html#dept=EU_Panthere-de-Cartier
Bague Panthère de Cartier,"Or gris non rhodié, grenats tsavorite, onyx""}",27100.0,EUR,CRN4730900,https://www.cartier.com/fr-fr/bague-panthere-de-cartier_cod25458910981306239.html#dept=EU_Panthere-de-Cartier
Bague Panthère de Cartier,"Or jaune, grenats tsavorite, onyx""}",9600.0,EUR,CRB4221600,https://www.cartier.com/fr-fr/bague-panthere-de-cartier_cod46184799614471645.html#dept=EU_Panthere-de-Cartier
Bague Panthère de Cartier,"Or rose, grenats tsavorite, onyx""}",7600.0,EUR,CRB4215900,https://www.cartier.com/fr-fr/bague-panthere-de-cartier_cod25372685655711831.html#dept=EU_Panthere-de-Cartier
Bague Panthère de Cartier,"Or gris, grenats tsavorite, onyx""}",8150.0,EUR,CRB4099500,https://www.cartier.com/fr-fr/bague-panthere-de-cartier_cod25458910981758014.html#dept=EU_Panthere-de-Cartier
Bague Panthère de Cartier,"Or gris, diamants, émeraudes, onyx""}",28100.0,EUR,CRN4224900,https://www.cartier.com/fr-fr/bague-panthere-de-cartier_cod25458910981759741.html#dept=EU_Panthere-de-Cartier
Boucles d'oreilles Panthère de Cartier,"Or jaune, grenats tsavorites, onyx""}",6350.0,EUR,CRB8043900,https://www.cartier.com/fr-fr/boucles-d-oreilles-panthere-de-cartier_cod25458910981581987.html#dept=EU_Panthere-de-Cartier
Bracelet Panthère de Cartier,"Or jaune, onyx, émeraudes, diamants""}",51000.0,EUR,CRN6718117,https://www.cartier.com/fr-fr/bracelet-panthere-de-cartier_cod11452292647019505.html#dept=EU_Panthere-de-Cartier
"Boucles d'oreilles Cartier d'Amour, petit modèle","Or gris, diamants""}",1280.0,EUR,CRB8301213,https://www.cartier.com/fr-fr/boucles-d-oreilles-cartier-d-amour-petit-modele_cod25372685655705110.html#dept=EU_Cartier-dAmour
"Collier Cartier d'Amour, grand modèle","Or rose, diamant""}",2400.0,EUR,CRB7215600,https://www.cartier.com/fr-fr/collier-cartier-d-amour-grand-modele_cod1647597346864709.html#dept=EU_Cartier-dAmour
"Boucles d'oreilles Cartier d'Amour, petit modèle","Or jaune, diamants""}",1200.0,EUR,CRB8301215,https://www.cartier.com/fr-fr/boucles-d-oreilles-cartier-d-amour-petit-modele_cod25372685655705114.html#dept=EU_Cartier-dAmour
"Collier Cartier d'Amour, XS","Or jaune, diamant""}",1000.0,EUR,CRB7224517,https://www.cartier.com/fr-fr/collier-cartier-d-amour-xs_cod25458910981581795.html#dept=EU_Cartier-dAmour
"Bracelet Cartier d'Amour, petit modèle","Or jaune, diamant""}",1330.0,EUR,CRB6043300,https://www.cartier.com/fr-fr/bracelet-cartier-d-amour-petit-modele_cod25372685655708099.html#dept=EU_Cartier-dAmour
"Bracelet Cartier d'Amour, XS","Or jaune, diamant""}",860.0,EUR,CRB6045617,https://www.cartier.com/fr-fr/bracelet-cartier-d-amour-xs_cod1647597335360916.html#dept=EU_Cartier-dAmour
"Bracelet Cartier d'Amour, XS","Or gris, diamant""}",930.0,EUR,CRB6045517,https://www.cartier.com/fr-fr/bracelet-cartier-d-amour-xs_cod1647597289175698.html#dept=EU_Cartier-dAmour
"Bracelet Cartier d'Amour, petit modèle","Or gris, diamant""}",1420.0,EUR,CRB6037200,https://www.cartier.com/fr-fr/bracelet-cartier-d-amour-petit-modele_cod25458910981581746.html#dept=EU_Cartier-dAmour
"Bracelet Cartier d'Amour, petit modèle","Or rose, diamant""}",1330.0,EUR,CRB6040300,https://www.cartier.com/fr-fr/bracelet-cartier-d-amour-petit-modele_cod25372685655709653.html#dept=EU_Cartier-dAmour
"Bracelet Cartier d'Amour, XS","Or rose, diamant""}",860.0,EUR,CRB6045717,https://www.cartier.com/fr-fr/bracelet-cartier-d-amour-xs_cod1647597289175704.html#dept=EU_Cartier-dAmour
"Boucles d'oreilles Cartier d'Amour, moyen modèle","Or gris, diamants""}",3350.0,EUR,CRB8041400,https://www.cartier.com/fr-fr/boucles-d-oreilles-cartier-d-amour-moyen-modele_cod44733502651439540.html#dept=EU_Cartier-dAmour
"Collier Cartier d'Amour, petit modèle","Or rose, diamant""}",1450.0,EUR,CRB7215700,https://www.cartier.com/fr-fr/collier-cartier-d-amour-petit-modele_cod1647597346864712.html#dept=EU_Cartier-dAmour
Boucles d'oreilles Cartier d'Amour,"Or jaune, diamants""}",2080.0,EUR,CRB8301405,https://www.cartier.com/fr-fr/boucles-d-oreilles-cartier-d-amour_cod25372685655705136.html#dept=EU_Cartier-dAmour
"Collier Cartier d'Amour, XS","Or rose, diamant""}",1000.0,EUR,CRB7224516,https://www.cartier.com/fr-fr/collier-cartier-d-amour-xs_cod25372685655706674.html#dept=EU_Cartier-dAmour
Boucles d'oreilles Cartier d'Amour,"Or rose, saphirs roses""}",1610.0,EUR,CRB8043400,https://www.cartier.com/fr-fr/boucles-d-oreilles-cartier-d-amour_cod25372685655705108.html#dept=EU_Cartier-dAmour
Bracelet Cartier d'Amour,"Or rose, saphir rose""}",1040.0,EUR,CRB6037300,https://www.cartier.com/fr-fr/bracelet-cartier-d-amour_cod25372685655709644.html#dept=EU_Cartier-dAmour
"Boucles d'oreilles Cartier d'Amour, petit modèle","Or rose, diamants""}",1200.0,EUR,CRB8301214,https://www.cartier.com/fr-fr/boucles-d-oreilles-cartier-d-amour-petit-modele_cod25372685655705112.html#dept=EU_Cartier-dAmour
Bracelet Cartier d'Amour,"Or rose, diamants""}",1970.0,EUR,CRB6063017,https://www.cartier.com/fr-fr/bracelet-cartier-d-amour_cod1647597289175710.html#dept=EU_Cartier-dAmour
"Collier Cartier d'Amour, XS","Or gris, diamant""}",1070.0,EUR,CRB7224515,https://www.cartier.com/fr-fr/collier-cartier-d-amour-xs_cod25458910981581793.html#dept=EU_Cartier-dAmour
Collier Cartier d'Amour,"Or rose, saphir rose""}",1160.0,EUR,CRB7218400,https://www.cartier.com/fr-fr/collier-cartier-d-amour_cod25372685655706657.html#dept=EU_Cartier-dAmour
Boucles d'oreilles Cartier d'Amour,"Or rose, diamants""}",2080.0,EUR,CRB8301406,https://www.cartier.com/fr-fr/boucles-d-oreilles-cartier-d-amour_cod25372685655705138.html#dept=EU_Cartier-dAmour
"Boucles d'oreilles Cartier d'Amour, moyen modèle","Or jaune, diamants""}",3100.0,EUR,CRB8041600,https://www.cartier.com/fr-fr/boucles-d-oreilles-cartier-d-amour-moyen-modele_cod25372685655705105.html#dept=EU_Cartier-dAmour
Boucles d'oreilles Cartier d'Amour,"Or gris, diamants""}",2230.0,EUR,CRB8301407,https://www.cartier.com/fr-fr/boucles-d-oreilles-cartier-d-amour_cod25372685655705140.html#dept=EU_Cartier-dAmour
"Boucles d'oreilles Cartier d'Amour, moyen modèle","Or rose, diamants""}",3100.0,EUR,CRB8041500,https://www.cartier.com/fr-fr/boucles-d-oreilles-cartier-d-amour-moyen-modele_cod25372685655705104.html#dept=EU_Cartier-dAmour
Bague Broderie de Cartier,"Or rose, diamants""}",26400.0,EUR,CRN4801200,https://www.cartier.com/fr-fr/bague-broderie-de-cartier_cod1647597338028458.html#dept=EU_Diamond-Collection
Bague Broderie de Cartier,"Or gris, diamants""}",28200.0,EUR,CRN4775000,https://www.cartier.com/fr-fr/bague-broderie-de-cartier_cod1647597338085959.html#dept=EU_Diamond-Collection
Bague Etincelle de Cartier,"Or rose, diamants""}",7550.0,EUR,CRB4230200,https://www.cartier.com/fr-fr/bague-etincelle-de-cartier_cod2204324140344126.html#dept=EU_Diamond-Collection
Bague Etincelle de Cartier,"Or gris, diamants""}",8000.0,EUR,CRB4230300,https://www.cartier.com/fr-fr/bague-etincelle-de-cartier_cod2204324140344127.html#dept=EU_Diamond-Collection
"Boucles d'oreilles Cartier d'Amour, moyen modèle","Or gris, diamants""}",3350.0,EUR,CRB8041400,https://www.cartier.com/fr-fr/boucles-d-oreilles-cartier-d-amour-moyen-modele_cod44733502651439540.html#dept=EU_Diamond-Collection
"Boucles d'oreilles Cartier d'Amour, petit modèle","Or rose, diamants""}",1200.0,EUR,CRB8301214,https://www.cartier.com/fr-fr/boucles-d-oreilles-cartier-d-amour-petit-modele_cod25372685655705112.html#dept=EU_Diamond-Collection
Collier Etincelle de Cartier,"Or gris, diamants""}",20100.0,EUR,CRN3108600,https://www.cartier.com/fr-fr/collier-etincelle-de-cartier_cod25458910981582133.html#dept=EU_Diamond-Collection
Bague Etincelle de Cartier,"Or gris, diamants""}",11500.0,EUR,CRN4753200,https://www.cartier.com/fr-fr/bague-etincelle-de-cartier_cod25458910981765242.html#dept=EU_Diamond-Collection
Bague Etincelle de Cartier,"Or rose, diamants""}",10800.0,EUR,CRN4766000,https://www.cartier.com/fr-fr/bague-etincelle-de-cartier_cod25458910981438828.html#dept=EU_Diamond-Collection
"Bracelet Cartier d'Amour, XS","Or gris, diamant""}",930.0,EUR,CRB6045517,https://www.cartier.com/fr-fr/bracelet-cartier-d-amour-xs_cod1647597289175698.html#dept=EU_Diamond-Collection
Bracelet Cartier d'Amour,"Or jaune, diamants""}",1970.0,EUR,CRB6062917,https://www.cartier.com/fr-fr/bracelet-cartier-d-amour_cod1647597289175707.html#dept=EU_Diamond-Collection
Bracelet Etincelle de Cartier,"Or gris, diamants""}",8500.0,EUR,CRB6049717,https://www.cartier.com/fr-fr/bracelet-etincelle-de-cartier_cod560971903867597.html#dept=EU_Diamond-Collection
Bracelet Etincelle de Cartier,"Or rose, diamants""}",7950.0,EUR,CRB6049817,https://www.cartier.com/fr-fr/bracelet-etincelle-de-cartier_cod46353151655829426.html#dept=EU_Diamond-Collection
Boucles d'oreilles Etincelle de Cartier,"Or rose, diamants""}",9050.0,EUR,CRB8301246,https://www.cartier.com/fr-fr/boucles-d-oreilles-etincelle-de-cartier_cod1647597346864745.html#dept=EU_Diamond-Collection
Boucles d'oreilles Etincelle de Cartier MM,"Or gris, diamants""}",9650.0,EUR,CRB8301227,https://www.cartier.com/fr-fr/boucles-d-oreilles-etincelle-de-cartier-mm_cod1647597346864736.html#dept=EU_Diamond-Collection
Bracelet Cartier d'Amour,"Or gris, diamants""}",2110.0,EUR,CRB6063117,https://www.cartier.com/fr-fr/bracelet-cartier-d-amour_cod1647597289175713.html#dept=EU_Diamond-Collection
Bracelet Cartier d'Amour,"Or rose, saphir rose""}",1040.0,EUR,CRB6037300,https://www.cartier.com/fr-fr/bracelet-cartier-d-amour_cod25372685655709644.html#dept=EU_Diamond-Collection
Bague Broderie de Cartier,"Or gris, diamants""}",42500.0,EUR,CRN4758300,https://www.cartier.com/fr-fr/bague-broderie-de-cartier_cod1647597341076311.html#dept=EU_Diamond-Collection
Bague Broderie de Cartier,"Or gris, diamants""}",46800.0,EUR,CRN4790400,https://www.cartier.com/fr-fr/bague-broderie-de-cartier_cod1647597338085962.html#dept=EU_Diamond-Collection
"Collier Cartier d'Amour, XS","Or rose, diamant""}",1000.0,EUR,CRB7224516,https://www.cartier.com/fr-fr/collier-cartier-d-amour-xs_cod25372685655706674.html#dept=EU_Diamond-Collection
Collier Cartier d'Amour,"Or rose, saphir rose""}",1160.0,EUR,CRB7218400,https://www.cartier.com/fr-fr/collier-cartier-d-amour_cod25372685655706657.html#dept=EU_Diamond-Collection
Bague Etincelle de Cartier,"Or gris, diamants""}",19200.0,EUR,CRN4753300,https://www.cartier.com/fr-fr/bague-etincelle-de-cartier_cod25458910981765258.html#dept=EU_Diamond-Collection
Bracelet Etincelle de Cartier,"Or rose, diamants""}",26800.0,EUR,CRN6715917,https://www.cartier.com/fr-fr/bracelet-etincelle-de-cartier_cod6630340698987500.html#dept=EU_Diamond-Collection
"Bracelet Cartier d'Amour, petit modèle","Or rose, diamant""}",1330.0,EUR,CRB6040300,https://www.cartier.com/fr-fr/bracelet-cartier-d-amour-petit-modele_cod25372685655709653.html#dept=EU_Diamond-Collection
Collier Symboles,"Or gris, diamants""}",3000.0,EUR,CRB7221700,https://www.cartier.com/fr-fr/collier-symboles_cod25458910981581791.html#dept=EU_Hearts-and-Symbols
Bracelet Symboles,"Or gris, diamants""}",2910.0,EUR,CRB6040400,https://www.cartier.com/fr-fr/bracelet-symboles_cod25372685655653773.html#dept=EU_Hearts-and-Symbols
Collier Symboles,"Or rose, diamants""}",3500.0,EUR,CRB3153118,https://www.cartier.com/fr-fr/collier-symboles_cod25458910981612158.html#dept=EU_Hearts-and-Symbols
Collier Symboles,"Or gris, diamant""}",3750.0,EUR,CRB3153119,https://www.cartier.com/fr-fr/collier-symboles_cod25458910981612160.html#dept=EU_Hearts-and-Symbols
Bracelet Symboles,"Or rose, diamants""}",2710.0,EUR,CRB6040200,https://www.cartier.com/fr-fr/bracelet-symboles_cod25372685655548455.html#dept=EU_Hearts-and-Symbols
Collier Symboles,"Or rose, diamants""}",3100.0,EUR,CRB3153116,https://www.cartier.com/fr-fr/collier-symboles_cod25458910981612154.html#dept=EU_Hearts-and-Symbols
Collier Symboles,"Or gris, diamants""}",3300.0,EUR,CRB3153117,https://www.cartier.com/fr-fr/collier-symboles_cod25458910981612156.html#dept=EU_Hearts-and-Symbols
Bracelet  Chaînes,"Or jaune""}",1450.0,EUR,CRB6026000,https://www.cartier.com/fr-fr/bracelet-chaines_cod25458910981581139.html#dept=EU_Hearts-and-Symbols
Pendentif Symboles,"Or jaune""}",700.0,EUR,CRB3153124,https://www.cartier.com/fr-fr/pendentif-symboles_cod11452292647348921.html#dept=EU_Hearts-and-Symbols
Pendentif Symboles,"Or jaune""}",700.0,EUR,CRB3153112,https://www.cartier.com/fr-fr/pendentif-symboles_cod25458910981456428.html#dept=EU_Hearts-and-Symbols
Pendentif Symboles,"Or jaune""}",700.0,EUR,CRB3153113,https://www.cartier.com/fr-fr/pendentif-symboles_cod25458910981456430.html#dept=EU_Hearts-and-Symbols
Pendentif Symboles,"Or jaune""}",700.0,EUR,CRB3153111,https://www.cartier.com/fr-fr/pendentif-symboles_cod25458910981456426.html#dept=EU_Hearts-and-Symbols
"Sac cabas, C de Cartier","Cuir de veau grainé couleur caramel, finition dorée""}",2750.0,EUR,CRL1002609,https://www.cartier.com/fr-fr/sac-cabas-c-de-cartier_cod1647597347080145.html#dept=EU_Bags-1
"Sac cabas, C de Cartier","Cuir de veau grainé couleur prune, finition dorée""}",2750.0,EUR,CRL1002611,https://www.cartier.com/fr-fr/sac-cabas-c-de-cartier_cod1647597347080151.html#dept=EU_Bags-1
"Sac cabas, C de Cartier","Cuir de veau grainé noir, finition dorée""}",2750.0,EUR,CRL1002610,https://www.cartier.com/fr-fr/sac-cabas-c-de-cartier_cod1647597347080148.html#dept=EU_Bags-1
"Sac hobo, C de Cartier","Cuir de veau texturé beige, broderies, finition dorée""}",2650.0,EUR,CRL1002603,https://www.cartier.com/fr-fr/sac-hobo-c-de-cartier_cod1647597352335988.html#dept=EU_Bags-1
"Sac hobo, C de Cartier","Cuir de veau texturé noir, broderies, finition dorée""}",2650.0,EUR,CRL1002600,https://www.cartier.com/fr-fr/sac-hobo-c-de-cartier_cod1647597352335982.html#dept=EU_Bags-1
"Sac poignée petit modèle, Panthère C de Cartier","Cuir de veau rouge cerise, finition dorée""}",3700.0,EUR,CRL1002324,https://www.cartier.com/fr-fr/sac-poignee-petit-modele-panthere-c-de-cartier_cod29419655932707054.html#dept=EU_Bags-1
"Sac chaine micro modèle, Panthère C de Cartier","Cuir de veau rouge cerise, finition dorée""}",1300.0,EUR,CRL3002222,https://www.cartier.com/fr-fr/sac-chaine-micro-modele-panthere-c-de-cartier_cod1647597332284056.html#dept=EU_Bags-1
"Sac poignée petit modèle, Panthère C de Cartier","Cuir de veau marron tonka, finition palladiée, motif zèbre""}",3800.0,EUR,CRL1002570,https://www.cartier.com/fr-fr/sac-poignee-petit-modele-panthere-c-de-cartier_cod1647597352335952.html#dept=EU_Bags-1
"Sac chaine petit modèle, Panthère Graphique de Cartier","Cuir de veau grainé marron tonka, finition dorée""}",4000.0,EUR,CRL1002571,https://www.cartier.com/fr-fr/sac-chaine-petit-modele-panthere-graphique-de-cartier_cod1647597352335955.html#dept=EU_Bags-1
"Pochette chaine, Panthère de Cartier","Cuir de veau noir, finition dorée""}",2900.0,EUR,CRL1002613,https://www.cartier.com/fr-fr/pochette-chaine-panthere-de-cartier_cod1647597352335994.html#dept=EU_Bags-1
"Pochette chaine, Panthère de Cartier","Cuir de veau métallisé doré, finition dorée""}",3150.0,EUR,CRL1002621,https://www.cartier.com/fr-fr/pochette-chaine-panthere-de-cartier_cod1647597351776818.html#dept=EU_Bags-1
"Sac chaine mini modèle, Panthère C de Cartier","Cuir de veau métallisé doré et broderie tuftage motif tigre""}",3900.0,EUR,CRL1002602,https://www.cartier.com/fr-fr/sac-chaine-mini-modele-panthere-c-de-cartier_cod1647597352335985.html#dept=EU_Bags-1
"Sac chaine mini modèle, Panthère C de Cartier","Cuir de veau noir, finition dorée""}",2750.0,EUR,CRL1002396,https://www.cartier.com/fr-fr/sac-chaine-mini-modele-panthere-c-de-cartier_cod1647597344975751.html#dept=EU_Bags-1
"Sac chaine mini modèle, Panthère C de Cartier","Cuir de veau noir, signature griffes embossées, finition dorée""}",3050.0,EUR,CRL1002510,https://www.cartier.com/fr-fr/sac-chaine-mini-modele-panthere-c-de-cartier_cod1647597338208599.html#dept=EU_Bags-1
"Sac chaine petit modèle, Panthère Graphique de Cartier","Cuir de veau grainé couleur rose pétale, finition dorée""}",4000.0,EUR,CRL1002599,https://www.cartier.com/fr-fr/sac-chaine-petit-modele-panthere-graphique-de-cartier_cod1647597352335979.html#dept=EU_Bags-1
"Sac poignée petit modèle, Panthère C de Cartier","Cuir de veau couleur rose pétale, signature griffes embossées, finition dorée""}",3900.0,EUR,CRL1002592,https://www.cartier.com/fr-fr/sac-poignee-petit-modele-panthere-c-de-cartier_cod1647597352335973.html#dept=EU_Bags-1
"Sac poignée moyen modèle, Panthère de Cartier","Cuir de veau grainé couleur prune""}",4700.0,EUR,CRL1002608,https://www.cartier.com/fr-fr/sac-poignee-moyen-modele-panthere-de-cartier_cod1647597347080142.html#dept=EU_Bags-1
"Sac poignée moyen modèle, Panthère de Cartier","Cuir de veau grainé couleur caramel""}",4700.0,EUR,CRL1002607,https://www.cartier.com/fr-fr/sac-poignee-moyen-modele-panthere-de-cartier_cod1647597347080139.html#dept=EU_Bags-1
"Porte-documents petit modèle, Must de Cartier","Cuir de veau noir, finition palladiée""}",2950.0,EUR,CRL1002395,https://www.cartier.com/fr-fr/porte-documents-petit-modele-must-de-cartier_cod1647597287079617.html#dept=EU_Bags-1
"Porte-documents Slim, Cartier Losange","Cuir de veau grainé noir, finition palladiée et émail""}",2650.0,EUR,CRL1002553,https://www.cartier.com/fr-fr/porte-documents-slim-cartier-losange_cod1647597341895969.html#dept=EU_Bags-1
"Sac cabas, C de Cartier","Cuir de veau texturé et broderies rouge cerise, finition dorée""}",2650.0,EUR,CRL1002616,https://www.cartier.com/fr-fr/sac-cabas-c-de-cartier_cod1647597337922225.html#dept=EU_Bags-1
"Sac cabas, C de Cartier","Cuir de veau texturé noir et broderies, finition dorée""}",2650.0,EUR,CRL1002615,https://www.cartier.com/fr-fr/sac-cabas-c-de-cartier_cod1647597337922222.html#dept=EU_Bags-1
"Sac porté épaule mini modèle, C de Cartier","Cuir de veau texturé couleur caramel, finition dorée""}",2950.0,EUR,CRL1002566,https://www.cartier.com/fr-fr/sac-porte-epaule-mini-modele-c-de-cartier_cod1647597347080109.html#dept=EU_Bags-1
"Sac poignée petit modèle, Panthère C de Cartier","Cuir de veau couleur caramel, finition dorée""}",3700.0,EUR,CRL1002576,https://www.cartier.com/fr-fr/sac-poignee-petit-modele-panthere-c-de-cartier_cod1647597347080115.html#dept=EU_Bags-1
La Panthère,"Parfum""}",172.0,EUR,CRFS100017,https://www.cartier.com/fr-fr/la-panthere_cod1647597339931282.html#dept=EU_Fragrances_1
Coffret La Panthère,"Parfum 100 ml""}",172.0,EUR,CRFS100022,https://www.cartier.com/fr-fr/coffret-la-panthere_cod1647597339827239.html#dept=EU_Fragrances_1
La Panthère Edition Limitée,"Eau de Parfum""}",154.0,EUR,CRFS075056,https://www.cartier.com/fr-fr/la-panthere-edition-limitee_cod38063312420777848.html#dept=EU_Fragrances_1
Coffret La Panthère,"Eau de Parfum 100 ml""}",164.0,EUR,CRFS100021,https://www.cartier.com/fr-fr/coffret-la-panthere_cod1647597339827236.html#dept=EU_Fragrances_1
Déclaration,"Parfum""}",150.0,EUR,CR66100033,https://www.cartier.com/fr-fr/declaration_cod1647597346902011.html#dept=EU_Fragrances_1
La Panthère Élixir,"Eau de parfum intense""}",172.0,EUR,CRFS100026,https://www.cartier.com/fr-fr/la-panthere-elixir_cod1647597349761785.html#dept=EU_Fragrances_1
Pasha de Cartier Edition Noire Sport,"Eau de Toilette""}",120.0,EUR,CR65100038,https://www.cartier.com/fr-fr/pasha-de-cartier-edition-noire-sport_cod1647597327213968.html#dept=EU_Fragrances_1
Pasha de Cartier Noir Absolu,"Parfum""}",150.0,EUR,CR65100043,https://www.cartier.com/fr-fr/pasha-de-cartier-noir-absolu_cod1647597306259079.html#dept=EU_Fragrances_1
Pasha de Cartier Edition Noire,"Eau de Toilette""}",120.0,EUR,CR65100037,https://www.cartier.com/fr-fr/pasha-de-cartier-edition-noire_cod1647597327213965.html#dept=EU_Fragrances_1
Coffret Pasha de Cartier Edition Noire,"Eau de Toilette 100 ml""}",120.0,EUR,CR65100047,https://www.cartier.com/fr-fr/coffret-pasha-de-cartier-edition-noire_cod1647597339827221.html#dept=EU_Fragrances_1
Déclaration,"Eau de Toilette""}",120.0,EUR,CR66100032,https://www.cartier.com/fr-fr/declaration_cod1647597346902008.html#dept=EU_Fragrances_1
Coffret Déclaration,"Eau de Toilette 100 ml""}",120.0,EUR,CR66100038,https://www.cartier.com/fr-fr/coffret-declaration_cod1647597339827227.html#dept=EU_Fragrances_1
Pasha de Cartier,"Eau de Toilette""}",120.0,EUR,CR65100035,https://www.cartier.com/fr-fr/pasha-de-cartier_cod1647597300357478.html#dept=EU_Fragrances_1
Pasha de Cartier Noir Absolu Edition Limitée,"Parfum""}",150.0,EUR,CR65100046,https://www.cartier.com/fr-fr/pasha-de-cartier-noir-absolu-edition-limitee_cod1647597346078011.html#dept=EU_Fragrances_1
Rivières de Cartier Insouciance,"Eau de Toilette""}",114.0,EUR,CRFI100004,https://www.cartier.com/fr-fr/rivieres-de-cartier-insouciance_cod17411127377046700.html#dept=EU_Fragrances_1
Coffret Rivières de Cartier Insouciance,"Eau de Toilette 100ml""}",114.0,EUR,CRFI100011,https://www.cartier.com/fr-fr/coffret-rivieres-de-cartier-insouciance_cod38063312418785991.html#dept=EU_Fragrances_1
Pasha de Cartier,"Parfum""}",150.0,EUR,CR65100036,https://www.cartier.com/fr-fr/pasha-de-cartier_cod1647597327213962.html#dept=EU_Fragrances_1
Coffret Pasha de Cartier,"Parfum 100 ml""}",150.0,EUR,CR65100048,https://www.cartier.com/fr-fr/coffret-pasha-de-cartier_cod1647597339827224.html#dept=EU_Fragrances_1
Must de Cartier,"Parfum""}",171.0,EUR,CRFM050003,https://www.cartier.com/fr-fr/must-de-cartier_cod25372685655524315.html#dept=EU_Fragrances_1
Must de Cartier,"Eau de Toilette""}",141.0,EUR,CR69817440,https://www.cartier.com/fr-fr/must-de-cartier_cod1647597327232017.html#dept=EU_Fragrances_1
La Panthère,"Brume pour les Cheveux""}",65.0,EUR,CRFS050029,https://www.cartier.com/fr-fr/la-panthere_cod1647597331273699.html#dept=EU_Fragrances_1
La Panthère,"Eau de Toilette""}",141.0,EUR,CRFS100016,https://www.cartier.com/fr-fr/la-panthere_cod1647597343185148.html#dept=EU_Fragrances_1
Coffret Pasha de Cartier Edition Noire,"Eau de Toilette 100ml""}",120.0,EUR,CR65100040,https://www.cartier.com/fr-fr/coffret-pasha-de-cartier-edition-noire_cod1647597306259140.html#dept=EU_Fragrances_1
Baiser Volé,"Eau de Parfum""}",164.0,EUR,CRFP327040,https://www.cartier.com/fr-fr/baiser-vole_cod1647597327109999.html#dept=EU_Fragrances_1
